gs://hv-bucket-us/Dataset/invoker/invoker_render0000.png,invoker
gs://hv-bucket-us/Dataset/invoker/invoker_render0001.png,invoker
gs://hv-bucket-us/Dataset/invoker/invoker_render0002.png,invoker
gs://hv-bucket-us/Dataset/invoker/invoker_render0003.png,invoker
gs://hv-bucket-us/Dataset/invoker/invoker_render0004.png,invoker
gs://hv-bucket-us/Dataset/invoker/invoker_render0005.png,invoker
gs://hv-bucket-us/Dataset/invoker/invoker_render0006.png,invoker
gs://hv-bucket-us/Dataset/invoker/invoker_render0007.png,invoker
gs://hv-bucket-us/Dataset/invoker/invoker_render0008.png,invoker
gs://hv-bucket-us/Dataset/invoker/invoker_render0009.png,invoker
gs://hv-bucket-us/Dataset/invoker/invoker_render0010.png,invoker
gs://hv-bucket-us/Dataset/invoker/invoker_render0011.png,invoker
gs://hv-bucket-us/Dataset/invoker/invoker_render0012.png,invoker
gs://hv-bucket-us/Dataset/invoker/invoker_render0013.png,invoker
gs://hv-bucket-us/Dataset/invoker/invoker_render0014.png,invoker
gs://hv-bucket-us/Dataset/invoker/invoker_render0015.png,invoker
gs://hv-bucket-us/Dataset/invoker/invoker_render0016.png,invoker
gs://hv-bucket-us/Dataset/invoker/invoker_render0017.png,invoker
gs://hv-bucket-us/Dataset/invoker/invoker_render0018.png,invoker
gs://hv-bucket-us/Dataset/invoker/invoker_render0019.png,invoker
gs://hv-bucket-us/Dataset/invoker/invoker_render0020.png,invoker
gs://hv-bucket-us/Dataset/invoker/invoker_render0021.png,invoker
gs://hv-bucket-us/Dataset/invoker/invoker_render0022.png,invoker
gs://hv-bucket-us/Dataset/invoker/invoker_render0023.png,invoker
gs://hv-bucket-us/Dataset/invoker/invoker_render0024.png,invoker
gs://hv-bucket-us/Dataset/invoker/invoker_render0025.png,invoker
gs://hv-bucket-us/Dataset/invoker/invoker_render0026.png,invoker
gs://hv-bucket-us/Dataset/invoker/invoker_render0027.png,invoker
gs://hv-bucket-us/Dataset/invoker/invoker_render0028.png,invoker
gs://hv-bucket-us/Dataset/invoker/invoker_render0029.png,invoker
gs://hv-bucket-us/Dataset/invoker/invoker_render0030.png,invoker
gs://hv-bucket-us/Dataset/invoker/invoker_render0031.png,invoker
gs://hv-bucket-us/Dataset/invoker/invoker_render0032.png,invoker
gs://hv-bucket-us/Dataset/invoker/invoker_render0033.png,invoker
gs://hv-bucket-us/Dataset/invoker/invoker_render0034.png,invoker
gs://hv-bucket-us/Dataset/invoker/invoker_render0035.png,invoker
gs://hv-bucket-us/Dataset/invoker/invoker_render0036.png,invoker
gs://hv-bucket-us/Dataset/invoker/invoker_render0037.png,invoker
gs://hv-bucket-us/Dataset/invoker/invoker_render0038.png,invoker
gs://hv-bucket-us/Dataset/invoker/invoker_render0039.png,invoker
gs://hv-bucket-us/Dataset/invoker/invoker_render0040.png,invoker
gs://hv-bucket-us/Dataset/invoker/invoker_render0041.png,invoker
gs://hv-bucket-us/Dataset/invoker/invoker_render0042.png,invoker
gs://hv-bucket-us/Dataset/invoker/invoker_render0043.png,invoker
gs://hv-bucket-us/Dataset/invoker/invoker_render0044.png,invoker
gs://hv-bucket-us/Dataset/invoker/invoker_render0045.png,invoker
gs://hv-bucket-us/Dataset/invoker/invoker_render0046.png,invoker
gs://hv-bucket-us/Dataset/invoker/invoker_render0047.png,invoker
gs://hv-bucket-us/Dataset/invoker/invoker_render0048.png,invoker
gs://hv-bucket-us/Dataset/invoker/invoker_render0049.png,invoker
gs://hv-bucket-us/Dataset/invoker/invoker_render0050.png,invoker
gs://hv-bucket-us/Dataset/invoker/invoker_render0051.png,invoker
gs://hv-bucket-us/Dataset/invoker/invoker_render0052.png,invoker
gs://hv-bucket-us/Dataset/invoker/invoker_render0053.png,invoker
gs://hv-bucket-us/Dataset/invoker/invoker_render0054.png,invoker
gs://hv-bucket-us/Dataset/invoker/invoker_render0055.png,invoker
gs://hv-bucket-us/Dataset/invoker/invoker_render0056.png,invoker
gs://hv-bucket-us/Dataset/invoker/invoker_render0057.png,invoker
gs://hv-bucket-us/Dataset/invoker/invoker_render0058.png,invoker
gs://hv-bucket-us/Dataset/invoker/invoker_render0059.png,invoker
gs://hv-bucket-us/Dataset/invoker/invoker_render0060.png,invoker
gs://hv-bucket-us/Dataset/invoker/invoker_render0061.png,invoker
gs://hv-bucket-us/Dataset/invoker/invoker_render0062.png,invoker
gs://hv-bucket-us/Dataset/invoker/invoker_render0063.png,invoker
gs://hv-bucket-us/Dataset/invoker/invoker_render0064.png,invoker
gs://hv-bucket-us/Dataset/invoker/invoker_render0065.png,invoker
gs://hv-bucket-us/Dataset/invoker/invoker_render0066.png,invoker
gs://hv-bucket-us/Dataset/invoker/invoker_render0067.png,invoker
gs://hv-bucket-us/Dataset/invoker/invoker_render0068.png,invoker
gs://hv-bucket-us/Dataset/invoker/invoker_render0069.png,invoker
gs://hv-bucket-us/Dataset/invoker/invoker_render0070.png,invoker
gs://hv-bucket-us/Dataset/invoker/invoker_render0071.png,invoker
gs://hv-bucket-us/Dataset/invoker/invoker_render0072.png,invoker
gs://hv-bucket-us/Dataset/invoker/invoker_render0073.png,invoker
gs://hv-bucket-us/Dataset/invoker/invoker_render0074.png,invoker
gs://hv-bucket-us/Dataset/invoker/invoker_render0075.png,invoker
gs://hv-bucket-us/Dataset/invoker/invoker_render0076.png,invoker
gs://hv-bucket-us/Dataset/invoker/invoker_render0077.png,invoker
gs://hv-bucket-us/Dataset/invoker/invoker_render0078.png,invoker
gs://hv-bucket-us/Dataset/invoker/invoker_render0079.png,invoker
gs://hv-bucket-us/Dataset/invoker/invoker_render0080.png,invoker
gs://hv-bucket-us/Dataset/invoker/invoker_render0081.png,invoker
gs://hv-bucket-us/Dataset/invoker/invoker_render0082.png,invoker
gs://hv-bucket-us/Dataset/invoker/invoker_render0083.png,invoker
gs://hv-bucket-us/Dataset/invoker/invoker_render0084.png,invoker
gs://hv-bucket-us/Dataset/invoker/invoker_render0085.png,invoker
gs://hv-bucket-us/Dataset/invoker/invoker_render0086.png,invoker
gs://hv-bucket-us/Dataset/invoker/invoker_render0087.png,invoker
gs://hv-bucket-us/Dataset/invoker/invoker_render0088.png,invoker
gs://hv-bucket-us/Dataset/invoker/invoker_render0089.png,invoker
gs://hv-bucket-us/Dataset/invoker/invoker_render0090.png,invoker
gs://hv-bucket-us/Dataset/invoker/invoker_render0091.png,invoker
gs://hv-bucket-us/Dataset/invoker/invoker_render0092.png,invoker
gs://hv-bucket-us/Dataset/invoker/invoker_render0093.png,invoker
gs://hv-bucket-us/Dataset/invoker/invoker_render0094.png,invoker
gs://hv-bucket-us/Dataset/invoker/invoker_render0095.png,invoker
gs://hv-bucket-us/Dataset/invoker/invoker_render0096.png,invoker
gs://hv-bucket-us/Dataset/invoker/invoker_render0097.png,invoker
gs://hv-bucket-us/Dataset/invoker/invoker_render0098.png,invoker
gs://hv-bucket-us/Dataset/invoker/invoker_render0099.png,invoker
gs://hv-bucket-us/Dataset/invoker/invoker_render0100.png,invoker
gs://hv-bucket-us/Dataset/juggernaut/juggernaut_render0000.png,juggernaut
gs://hv-bucket-us/Dataset/juggernaut/juggernaut_render0001.png,juggernaut
gs://hv-bucket-us/Dataset/juggernaut/juggernaut_render0002.png,juggernaut
gs://hv-bucket-us/Dataset/juggernaut/juggernaut_render0003.png,juggernaut
gs://hv-bucket-us/Dataset/juggernaut/juggernaut_render0004.png,juggernaut
gs://hv-bucket-us/Dataset/juggernaut/juggernaut_render0005.png,juggernaut
gs://hv-bucket-us/Dataset/juggernaut/juggernaut_render0006.png,juggernaut
gs://hv-bucket-us/Dataset/juggernaut/juggernaut_render0007.png,juggernaut
gs://hv-bucket-us/Dataset/juggernaut/juggernaut_render0008.png,juggernaut
gs://hv-bucket-us/Dataset/juggernaut/juggernaut_render0009.png,juggernaut
gs://hv-bucket-us/Dataset/juggernaut/juggernaut_render0010.png,juggernaut
gs://hv-bucket-us/Dataset/juggernaut/juggernaut_render0011.png,juggernaut
gs://hv-bucket-us/Dataset/juggernaut/juggernaut_render0012.png,juggernaut
gs://hv-bucket-us/Dataset/juggernaut/juggernaut_render0013.png,juggernaut
gs://hv-bucket-us/Dataset/juggernaut/juggernaut_render0014.png,juggernaut
gs://hv-bucket-us/Dataset/juggernaut/juggernaut_render0015.png,juggernaut
gs://hv-bucket-us/Dataset/juggernaut/juggernaut_render0016.png,juggernaut
gs://hv-bucket-us/Dataset/juggernaut/juggernaut_render0017.png,juggernaut
gs://hv-bucket-us/Dataset/juggernaut/juggernaut_render0018.png,juggernaut
gs://hv-bucket-us/Dataset/juggernaut/juggernaut_render0019.png,juggernaut
gs://hv-bucket-us/Dataset/juggernaut/juggernaut_render0020.png,juggernaut
gs://hv-bucket-us/Dataset/juggernaut/juggernaut_render0021.png,juggernaut
gs://hv-bucket-us/Dataset/juggernaut/juggernaut_render0022.png,juggernaut
gs://hv-bucket-us/Dataset/juggernaut/juggernaut_render0023.png,juggernaut
gs://hv-bucket-us/Dataset/juggernaut/juggernaut_render0024.png,juggernaut
gs://hv-bucket-us/Dataset/juggernaut/juggernaut_render0025.png,juggernaut
gs://hv-bucket-us/Dataset/juggernaut/juggernaut_render0026.png,juggernaut
gs://hv-bucket-us/Dataset/juggernaut/juggernaut_render0027.png,juggernaut
gs://hv-bucket-us/Dataset/juggernaut/juggernaut_render0028.png,juggernaut
gs://hv-bucket-us/Dataset/juggernaut/juggernaut_render0029.png,juggernaut
gs://hv-bucket-us/Dataset/juggernaut/juggernaut_render0030.png,juggernaut
gs://hv-bucket-us/Dataset/juggernaut/juggernaut_render0031.png,juggernaut
gs://hv-bucket-us/Dataset/juggernaut/juggernaut_render0032.png,juggernaut
gs://hv-bucket-us/Dataset/juggernaut/juggernaut_render0033.png,juggernaut
gs://hv-bucket-us/Dataset/juggernaut/juggernaut_render0034.png,juggernaut
gs://hv-bucket-us/Dataset/juggernaut/juggernaut_render0035.png,juggernaut
gs://hv-bucket-us/Dataset/juggernaut/juggernaut_render0036.png,juggernaut
gs://hv-bucket-us/Dataset/juggernaut/juggernaut_render0037.png,juggernaut
gs://hv-bucket-us/Dataset/juggernaut/juggernaut_render0038.png,juggernaut
gs://hv-bucket-us/Dataset/juggernaut/juggernaut_render0039.png,juggernaut
gs://hv-bucket-us/Dataset/juggernaut/juggernaut_render0040.png,juggernaut
gs://hv-bucket-us/Dataset/juggernaut/juggernaut_render0041.png,juggernaut
gs://hv-bucket-us/Dataset/juggernaut/juggernaut_render0042.png,juggernaut
gs://hv-bucket-us/Dataset/juggernaut/juggernaut_render0043.png,juggernaut
gs://hv-bucket-us/Dataset/juggernaut/juggernaut_render0044.png,juggernaut
gs://hv-bucket-us/Dataset/juggernaut/juggernaut_render0045.png,juggernaut
gs://hv-bucket-us/Dataset/juggernaut/juggernaut_render0046.png,juggernaut
gs://hv-bucket-us/Dataset/juggernaut/juggernaut_render0047.png,juggernaut
gs://hv-bucket-us/Dataset/juggernaut/juggernaut_render0048.png,juggernaut
gs://hv-bucket-us/Dataset/juggernaut/juggernaut_render0049.png,juggernaut
gs://hv-bucket-us/Dataset/juggernaut/juggernaut_render0050.png,juggernaut
gs://hv-bucket-us/Dataset/juggernaut/juggernaut_render0051.png,juggernaut
gs://hv-bucket-us/Dataset/juggernaut/juggernaut_render0052.png,juggernaut
gs://hv-bucket-us/Dataset/juggernaut/juggernaut_render0053.png,juggernaut
gs://hv-bucket-us/Dataset/juggernaut/juggernaut_render0054.png,juggernaut
gs://hv-bucket-us/Dataset/juggernaut/juggernaut_render0055.png,juggernaut
gs://hv-bucket-us/Dataset/juggernaut/juggernaut_render0056.png,juggernaut
gs://hv-bucket-us/Dataset/juggernaut/juggernaut_render0057.png,juggernaut
gs://hv-bucket-us/Dataset/juggernaut/juggernaut_render0058.png,juggernaut
gs://hv-bucket-us/Dataset/juggernaut/juggernaut_render0059.png,juggernaut
gs://hv-bucket-us/Dataset/juggernaut/juggernaut_render0060.png,juggernaut
gs://hv-bucket-us/Dataset/juggernaut/juggernaut_render0061.png,juggernaut
gs://hv-bucket-us/Dataset/juggernaut/juggernaut_render0062.png,juggernaut
gs://hv-bucket-us/Dataset/juggernaut/juggernaut_render0063.png,juggernaut
gs://hv-bucket-us/Dataset/juggernaut/juggernaut_render0064.png,juggernaut
gs://hv-bucket-us/Dataset/juggernaut/juggernaut_render0065.png,juggernaut
gs://hv-bucket-us/Dataset/juggernaut/juggernaut_render0066.png,juggernaut
gs://hv-bucket-us/Dataset/juggernaut/juggernaut_render0067.png,juggernaut
gs://hv-bucket-us/Dataset/juggernaut/juggernaut_render0068.png,juggernaut
gs://hv-bucket-us/Dataset/juggernaut/juggernaut_render0069.png,juggernaut
gs://hv-bucket-us/Dataset/juggernaut/juggernaut_render0070.png,juggernaut
gs://hv-bucket-us/Dataset/juggernaut/juggernaut_render0071.png,juggernaut
gs://hv-bucket-us/Dataset/juggernaut/juggernaut_render0072.png,juggernaut
gs://hv-bucket-us/Dataset/juggernaut/juggernaut_render0073.png,juggernaut
gs://hv-bucket-us/Dataset/juggernaut/juggernaut_render0074.png,juggernaut
gs://hv-bucket-us/Dataset/juggernaut/juggernaut_render0075.png,juggernaut
gs://hv-bucket-us/Dataset/juggernaut/juggernaut_render0076.png,juggernaut
gs://hv-bucket-us/Dataset/juggernaut/juggernaut_render0077.png,juggernaut
gs://hv-bucket-us/Dataset/juggernaut/juggernaut_render0078.png,juggernaut
gs://hv-bucket-us/Dataset/juggernaut/juggernaut_render0079.png,juggernaut
gs://hv-bucket-us/Dataset/juggernaut/juggernaut_render0080.png,juggernaut
gs://hv-bucket-us/Dataset/juggernaut/juggernaut_render0081.png,juggernaut
gs://hv-bucket-us/Dataset/juggernaut/juggernaut_render0082.png,juggernaut
gs://hv-bucket-us/Dataset/juggernaut/juggernaut_render0083.png,juggernaut
gs://hv-bucket-us/Dataset/juggernaut/juggernaut_render0084.png,juggernaut
gs://hv-bucket-us/Dataset/juggernaut/juggernaut_render0085.png,juggernaut
gs://hv-bucket-us/Dataset/juggernaut/juggernaut_render0086.png,juggernaut
gs://hv-bucket-us/Dataset/juggernaut/juggernaut_render0087.png,juggernaut
gs://hv-bucket-us/Dataset/juggernaut/juggernaut_render0088.png,juggernaut
gs://hv-bucket-us/Dataset/juggernaut/juggernaut_render0089.png,juggernaut
gs://hv-bucket-us/Dataset/juggernaut/juggernaut_render0090.png,juggernaut
gs://hv-bucket-us/Dataset/juggernaut/juggernaut_render0091.png,juggernaut
gs://hv-bucket-us/Dataset/juggernaut/juggernaut_render0092.png,juggernaut
gs://hv-bucket-us/Dataset/juggernaut/juggernaut_render0093.png,juggernaut
gs://hv-bucket-us/Dataset/juggernaut/juggernaut_render0094.png,juggernaut
gs://hv-bucket-us/Dataset/juggernaut/juggernaut_render0095.png,juggernaut
gs://hv-bucket-us/Dataset/juggernaut/juggernaut_render0096.png,juggernaut
gs://hv-bucket-us/Dataset/juggernaut/juggernaut_render0097.png,juggernaut
gs://hv-bucket-us/Dataset/juggernaut/juggernaut_render0098.png,juggernaut
gs://hv-bucket-us/Dataset/juggernaut/juggernaut_render0099.png,juggernaut
gs://hv-bucket-us/Dataset/juggernaut/juggernaut_render0100.png,juggernaut
gs://hv-bucket-us/Dataset/legioncommander/legioncommander_render0000.png,legioncommander
gs://hv-bucket-us/Dataset/legioncommander/legioncommander_render0001.png,legioncommander
gs://hv-bucket-us/Dataset/legioncommander/legioncommander_render0002.png,legioncommander
gs://hv-bucket-us/Dataset/legioncommander/legioncommander_render0003.png,legioncommander
gs://hv-bucket-us/Dataset/legioncommander/legioncommander_render0004.png,legioncommander
gs://hv-bucket-us/Dataset/legioncommander/legioncommander_render0005.png,legioncommander
gs://hv-bucket-us/Dataset/legioncommander/legioncommander_render0006.png,legioncommander
gs://hv-bucket-us/Dataset/legioncommander/legioncommander_render0007.png,legioncommander
gs://hv-bucket-us/Dataset/legioncommander/legioncommander_render0008.png,legioncommander
gs://hv-bucket-us/Dataset/legioncommander/legioncommander_render0009.png,legioncommander
gs://hv-bucket-us/Dataset/legioncommander/legioncommander_render0010.png,legioncommander
gs://hv-bucket-us/Dataset/legioncommander/legioncommander_render0011.png,legioncommander
gs://hv-bucket-us/Dataset/legioncommander/legioncommander_render0012.png,legioncommander
gs://hv-bucket-us/Dataset/legioncommander/legioncommander_render0013.png,legioncommander
gs://hv-bucket-us/Dataset/legioncommander/legioncommander_render0014.png,legioncommander
gs://hv-bucket-us/Dataset/legioncommander/legioncommander_render0015.png,legioncommander
gs://hv-bucket-us/Dataset/legioncommander/legioncommander_render0016.png,legioncommander
gs://hv-bucket-us/Dataset/legioncommander/legioncommander_render0017.png,legioncommander
gs://hv-bucket-us/Dataset/legioncommander/legioncommander_render0018.png,legioncommander
gs://hv-bucket-us/Dataset/legioncommander/legioncommander_render0019.png,legioncommander
gs://hv-bucket-us/Dataset/legioncommander/legioncommander_render0020.png,legioncommander
gs://hv-bucket-us/Dataset/legioncommander/legioncommander_render0021.png,legioncommander
gs://hv-bucket-us/Dataset/legioncommander/legioncommander_render0022.png,legioncommander
gs://hv-bucket-us/Dataset/legioncommander/legioncommander_render0023.png,legioncommander
gs://hv-bucket-us/Dataset/legioncommander/legioncommander_render0024.png,legioncommander
gs://hv-bucket-us/Dataset/legioncommander/legioncommander_render0025.png,legioncommander
gs://hv-bucket-us/Dataset/legioncommander/legioncommander_render0026.png,legioncommander
gs://hv-bucket-us/Dataset/legioncommander/legioncommander_render0027.png,legioncommander
gs://hv-bucket-us/Dataset/legioncommander/legioncommander_render0028.png,legioncommander
gs://hv-bucket-us/Dataset/legioncommander/legioncommander_render0029.png,legioncommander
gs://hv-bucket-us/Dataset/legioncommander/legioncommander_render0030.png,legioncommander
gs://hv-bucket-us/Dataset/legioncommander/legioncommander_render0031.png,legioncommander
gs://hv-bucket-us/Dataset/legioncommander/legioncommander_render0032.png,legioncommander
gs://hv-bucket-us/Dataset/legioncommander/legioncommander_render0033.png,legioncommander
gs://hv-bucket-us/Dataset/legioncommander/legioncommander_render0034.png,legioncommander
gs://hv-bucket-us/Dataset/legioncommander/legioncommander_render0035.png,legioncommander
gs://hv-bucket-us/Dataset/legioncommander/legioncommander_render0036.png,legioncommander
gs://hv-bucket-us/Dataset/legioncommander/legioncommander_render0037.png,legioncommander
gs://hv-bucket-us/Dataset/legioncommander/legioncommander_render0038.png,legioncommander
gs://hv-bucket-us/Dataset/legioncommander/legioncommander_render0039.png,legioncommander
gs://hv-bucket-us/Dataset/legioncommander/legioncommander_render0040.png,legioncommander
gs://hv-bucket-us/Dataset/legioncommander/legioncommander_render0041.png,legioncommander
gs://hv-bucket-us/Dataset/legioncommander/legioncommander_render0042.png,legioncommander
gs://hv-bucket-us/Dataset/legioncommander/legioncommander_render0043.png,legioncommander
gs://hv-bucket-us/Dataset/legioncommander/legioncommander_render0044.png,legioncommander
gs://hv-bucket-us/Dataset/legioncommander/legioncommander_render0045.png,legioncommander
gs://hv-bucket-us/Dataset/legioncommander/legioncommander_render0046.png,legioncommander
gs://hv-bucket-us/Dataset/legioncommander/legioncommander_render0047.png,legioncommander
gs://hv-bucket-us/Dataset/legioncommander/legioncommander_render0048.png,legioncommander
gs://hv-bucket-us/Dataset/legioncommander/legioncommander_render0049.png,legioncommander
gs://hv-bucket-us/Dataset/legioncommander/legioncommander_render0050.png,legioncommander
gs://hv-bucket-us/Dataset/legioncommander/legioncommander_render0051.png,legioncommander
gs://hv-bucket-us/Dataset/legioncommander/legioncommander_render0052.png,legioncommander
gs://hv-bucket-us/Dataset/legioncommander/legioncommander_render0053.png,legioncommander
gs://hv-bucket-us/Dataset/legioncommander/legioncommander_render0054.png,legioncommander
gs://hv-bucket-us/Dataset/legioncommander/legioncommander_render0055.png,legioncommander
gs://hv-bucket-us/Dataset/legioncommander/legioncommander_render0056.png,legioncommander
gs://hv-bucket-us/Dataset/legioncommander/legioncommander_render0057.png,legioncommander
gs://hv-bucket-us/Dataset/legioncommander/legioncommander_render0058.png,legioncommander
gs://hv-bucket-us/Dataset/legioncommander/legioncommander_render0059.png,legioncommander
gs://hv-bucket-us/Dataset/legioncommander/legioncommander_render0060.png,legioncommander
gs://hv-bucket-us/Dataset/legioncommander/legioncommander_render0061.png,legioncommander
gs://hv-bucket-us/Dataset/legioncommander/legioncommander_render0062.png,legioncommander
gs://hv-bucket-us/Dataset/legioncommander/legioncommander_render0063.png,legioncommander
gs://hv-bucket-us/Dataset/legioncommander/legioncommander_render0064.png,legioncommander
gs://hv-bucket-us/Dataset/legioncommander/legioncommander_render0065.png,legioncommander
gs://hv-bucket-us/Dataset/legioncommander/legioncommander_render0066.png,legioncommander
gs://hv-bucket-us/Dataset/legioncommander/legioncommander_render0067.png,legioncommander
gs://hv-bucket-us/Dataset/legioncommander/legioncommander_render0068.png,legioncommander
gs://hv-bucket-us/Dataset/legioncommander/legioncommander_render0069.png,legioncommander
gs://hv-bucket-us/Dataset/legioncommander/legioncommander_render0070.png,legioncommander
gs://hv-bucket-us/Dataset/legioncommander/legioncommander_render0071.png,legioncommander
gs://hv-bucket-us/Dataset/legioncommander/legioncommander_render0072.png,legioncommander
gs://hv-bucket-us/Dataset/legioncommander/legioncommander_render0073.png,legioncommander
gs://hv-bucket-us/Dataset/legioncommander/legioncommander_render0074.png,legioncommander
gs://hv-bucket-us/Dataset/legioncommander/legioncommander_render0075.png,legioncommander
gs://hv-bucket-us/Dataset/legioncommander/legioncommander_render0076.png,legioncommander
gs://hv-bucket-us/Dataset/legioncommander/legioncommander_render0077.png,legioncommander
gs://hv-bucket-us/Dataset/legioncommander/legioncommander_render0078.png,legioncommander
gs://hv-bucket-us/Dataset/legioncommander/legioncommander_render0079.png,legioncommander
gs://hv-bucket-us/Dataset/legioncommander/legioncommander_render0080.png,legioncommander
gs://hv-bucket-us/Dataset/legioncommander/legioncommander_render0081.png,legioncommander
gs://hv-bucket-us/Dataset/legioncommander/legioncommander_render0082.png,legioncommander
gs://hv-bucket-us/Dataset/legioncommander/legioncommander_render0083.png,legioncommander
gs://hv-bucket-us/Dataset/legioncommander/legioncommander_render0084.png,legioncommander
gs://hv-bucket-us/Dataset/legioncommander/legioncommander_render0085.png,legioncommander
gs://hv-bucket-us/Dataset/legioncommander/legioncommander_render0086.png,legioncommander
gs://hv-bucket-us/Dataset/legioncommander/legioncommander_render0087.png,legioncommander
gs://hv-bucket-us/Dataset/legioncommander/legioncommander_render0088.png,legioncommander
gs://hv-bucket-us/Dataset/legioncommander/legioncommander_render0089.png,legioncommander
gs://hv-bucket-us/Dataset/legioncommander/legioncommander_render0090.png,legioncommander
gs://hv-bucket-us/Dataset/legioncommander/legioncommander_render0091.png,legioncommander
gs://hv-bucket-us/Dataset/legioncommander/legioncommander_render0092.png,legioncommander
gs://hv-bucket-us/Dataset/legioncommander/legioncommander_render0093.png,legioncommander
gs://hv-bucket-us/Dataset/legioncommander/legioncommander_render0094.png,legioncommander
gs://hv-bucket-us/Dataset/legioncommander/legioncommander_render0095.png,legioncommander
gs://hv-bucket-us/Dataset/legioncommander/legioncommander_render0096.png,legioncommander
gs://hv-bucket-us/Dataset/legioncommander/legioncommander_render0097.png,legioncommander
gs://hv-bucket-us/Dataset/legioncommander/legioncommander_render0098.png,legioncommander
gs://hv-bucket-us/Dataset/legioncommander/legioncommander_render0099.png,legioncommander
gs://hv-bucket-us/Dataset/legioncommander/legioncommander_render0100.png,legioncommander
gs://hv-bucket-us/Dataset/lina/lina_render0000.png,lina
gs://hv-bucket-us/Dataset/lina/lina_render0001.png,lina
gs://hv-bucket-us/Dataset/lina/lina_render0002.png,lina
gs://hv-bucket-us/Dataset/lina/lina_render0003.png,lina
gs://hv-bucket-us/Dataset/lina/lina_render0004.png,lina
gs://hv-bucket-us/Dataset/lina/lina_render0005.png,lina
gs://hv-bucket-us/Dataset/lina/lina_render0006.png,lina
gs://hv-bucket-us/Dataset/lina/lina_render0007.png,lina
gs://hv-bucket-us/Dataset/lina/lina_render0008.png,lina
gs://hv-bucket-us/Dataset/lina/lina_render0009.png,lina
gs://hv-bucket-us/Dataset/lina/lina_render0010.png,lina
gs://hv-bucket-us/Dataset/lina/lina_render0011.png,lina
gs://hv-bucket-us/Dataset/lina/lina_render0012.png,lina
gs://hv-bucket-us/Dataset/lina/lina_render0013.png,lina
gs://hv-bucket-us/Dataset/lina/lina_render0014.png,lina
gs://hv-bucket-us/Dataset/lina/lina_render0015.png,lina
gs://hv-bucket-us/Dataset/lina/lina_render0016.png,lina
gs://hv-bucket-us/Dataset/lina/lina_render0017.png,lina
gs://hv-bucket-us/Dataset/lina/lina_render0018.png,lina
gs://hv-bucket-us/Dataset/lina/lina_render0019.png,lina
gs://hv-bucket-us/Dataset/lina/lina_render0020.png,lina
gs://hv-bucket-us/Dataset/lina/lina_render0021.png,lina
gs://hv-bucket-us/Dataset/lina/lina_render0022.png,lina
gs://hv-bucket-us/Dataset/lina/lina_render0023.png,lina
gs://hv-bucket-us/Dataset/lina/lina_render0024.png,lina
gs://hv-bucket-us/Dataset/lina/lina_render0025.png,lina
gs://hv-bucket-us/Dataset/lina/lina_render0026.png,lina
gs://hv-bucket-us/Dataset/lina/lina_render0027.png,lina
gs://hv-bucket-us/Dataset/lina/lina_render0028.png,lina
gs://hv-bucket-us/Dataset/lina/lina_render0029.png,lina
gs://hv-bucket-us/Dataset/lina/lina_render0030.png,lina
gs://hv-bucket-us/Dataset/lina/lina_render0031.png,lina
gs://hv-bucket-us/Dataset/lina/lina_render0032.png,lina
gs://hv-bucket-us/Dataset/lina/lina_render0033.png,lina
gs://hv-bucket-us/Dataset/lina/lina_render0034.png,lina
gs://hv-bucket-us/Dataset/lina/lina_render0035.png,lina
gs://hv-bucket-us/Dataset/lina/lina_render0036.png,lina
gs://hv-bucket-us/Dataset/lina/lina_render0037.png,lina
gs://hv-bucket-us/Dataset/lina/lina_render0038.png,lina
gs://hv-bucket-us/Dataset/lina/lina_render0039.png,lina
gs://hv-bucket-us/Dataset/lina/lina_render0040.png,lina
gs://hv-bucket-us/Dataset/lina/lina_render0041.png,lina
gs://hv-bucket-us/Dataset/lina/lina_render0042.png,lina
gs://hv-bucket-us/Dataset/lina/lina_render0043.png,lina
gs://hv-bucket-us/Dataset/lina/lina_render0044.png,lina
gs://hv-bucket-us/Dataset/lina/lina_render0045.png,lina
gs://hv-bucket-us/Dataset/lina/lina_render0046.png,lina
gs://hv-bucket-us/Dataset/lina/lina_render0047.png,lina
gs://hv-bucket-us/Dataset/lina/lina_render0048.png,lina
gs://hv-bucket-us/Dataset/lina/lina_render0049.png,lina
gs://hv-bucket-us/Dataset/lina/lina_render0050.png,lina
gs://hv-bucket-us/Dataset/lina/lina_render0051.png,lina
gs://hv-bucket-us/Dataset/lina/lina_render0052.png,lina
gs://hv-bucket-us/Dataset/lina/lina_render0053.png,lina
gs://hv-bucket-us/Dataset/lina/lina_render0054.png,lina
gs://hv-bucket-us/Dataset/lina/lina_render0055.png,lina
gs://hv-bucket-us/Dataset/lina/lina_render0056.png,lina
gs://hv-bucket-us/Dataset/lina/lina_render0057.png,lina
gs://hv-bucket-us/Dataset/lina/lina_render0058.png,lina
gs://hv-bucket-us/Dataset/lina/lina_render0059.png,lina
gs://hv-bucket-us/Dataset/lina/lina_render0060.png,lina
gs://hv-bucket-us/Dataset/lina/lina_render0061.png,lina
gs://hv-bucket-us/Dataset/lina/lina_render0062.png,lina
gs://hv-bucket-us/Dataset/lina/lina_render0063.png,lina
gs://hv-bucket-us/Dataset/lina/lina_render0064.png,lina
gs://hv-bucket-us/Dataset/lina/lina_render0065.png,lina
gs://hv-bucket-us/Dataset/lina/lina_render0066.png,lina
gs://hv-bucket-us/Dataset/lina/lina_render0067.png,lina
gs://hv-bucket-us/Dataset/lina/lina_render0068.png,lina
gs://hv-bucket-us/Dataset/lina/lina_render0069.png,lina
gs://hv-bucket-us/Dataset/lina/lina_render0070.png,lina
gs://hv-bucket-us/Dataset/lina/lina_render0071.png,lina
gs://hv-bucket-us/Dataset/lina/lina_render0072.png,lina
gs://hv-bucket-us/Dataset/lina/lina_render0073.png,lina
gs://hv-bucket-us/Dataset/lina/lina_render0074.png,lina
gs://hv-bucket-us/Dataset/lina/lina_render0075.png,lina
gs://hv-bucket-us/Dataset/lina/lina_render0076.png,lina
gs://hv-bucket-us/Dataset/lina/lina_render0077.png,lina
gs://hv-bucket-us/Dataset/lina/lina_render0078.png,lina
gs://hv-bucket-us/Dataset/lina/lina_render0079.png,lina
gs://hv-bucket-us/Dataset/lina/lina_render0080.png,lina
gs://hv-bucket-us/Dataset/lina/lina_render0081.png,lina
gs://hv-bucket-us/Dataset/lina/lina_render0082.png,lina
gs://hv-bucket-us/Dataset/lina/lina_render0083.png,lina
gs://hv-bucket-us/Dataset/lina/lina_render0084.png,lina
gs://hv-bucket-us/Dataset/lina/lina_render0085.png,lina
gs://hv-bucket-us/Dataset/lina/lina_render0086.png,lina
gs://hv-bucket-us/Dataset/lina/lina_render0087.png,lina
gs://hv-bucket-us/Dataset/lina/lina_render0088.png,lina
gs://hv-bucket-us/Dataset/lina/lina_render0089.png,lina
gs://hv-bucket-us/Dataset/lina/lina_render0090.png,lina
gs://hv-bucket-us/Dataset/lina/lina_render0091.png,lina
gs://hv-bucket-us/Dataset/lina/lina_render0092.png,lina
gs://hv-bucket-us/Dataset/lina/lina_render0093.png,lina
gs://hv-bucket-us/Dataset/lina/lina_render0094.png,lina
gs://hv-bucket-us/Dataset/lina/lina_render0095.png,lina
gs://hv-bucket-us/Dataset/lina/lina_render0096.png,lina
gs://hv-bucket-us/Dataset/lina/lina_render0097.png,lina
gs://hv-bucket-us/Dataset/lina/lina_render0098.png,lina
gs://hv-bucket-us/Dataset/lina/lina_render0099.png,lina
gs://hv-bucket-us/Dataset/lina/lina_render0100.png,lina
gs://hv-bucket-us/Dataset/ogre/ogre_render0000.png,ogre
gs://hv-bucket-us/Dataset/ogre/ogre_render0001.png,ogre
gs://hv-bucket-us/Dataset/ogre/ogre_render0002.png,ogre
gs://hv-bucket-us/Dataset/ogre/ogre_render0003.png,ogre
gs://hv-bucket-us/Dataset/ogre/ogre_render0004.png,ogre
gs://hv-bucket-us/Dataset/ogre/ogre_render0005.png,ogre
gs://hv-bucket-us/Dataset/ogre/ogre_render0006.png,ogre
gs://hv-bucket-us/Dataset/ogre/ogre_render0007.png,ogre
gs://hv-bucket-us/Dataset/ogre/ogre_render0008.png,ogre
gs://hv-bucket-us/Dataset/ogre/ogre_render0009.png,ogre
gs://hv-bucket-us/Dataset/ogre/ogre_render0010.png,ogre
gs://hv-bucket-us/Dataset/ogre/ogre_render0011.png,ogre
gs://hv-bucket-us/Dataset/ogre/ogre_render0012.png,ogre
gs://hv-bucket-us/Dataset/ogre/ogre_render0013.png,ogre
gs://hv-bucket-us/Dataset/ogre/ogre_render0014.png,ogre
gs://hv-bucket-us/Dataset/ogre/ogre_render0015.png,ogre
gs://hv-bucket-us/Dataset/ogre/ogre_render0016.png,ogre
gs://hv-bucket-us/Dataset/ogre/ogre_render0017.png,ogre
gs://hv-bucket-us/Dataset/ogre/ogre_render0018.png,ogre
gs://hv-bucket-us/Dataset/ogre/ogre_render0019.png,ogre
gs://hv-bucket-us/Dataset/ogre/ogre_render0020.png,ogre
gs://hv-bucket-us/Dataset/ogre/ogre_render0021.png,ogre
gs://hv-bucket-us/Dataset/ogre/ogre_render0022.png,ogre
gs://hv-bucket-us/Dataset/ogre/ogre_render0023.png,ogre
gs://hv-bucket-us/Dataset/ogre/ogre_render0024.png,ogre
gs://hv-bucket-us/Dataset/ogre/ogre_render0025.png,ogre
gs://hv-bucket-us/Dataset/ogre/ogre_render0026.png,ogre
gs://hv-bucket-us/Dataset/ogre/ogre_render0027.png,ogre
gs://hv-bucket-us/Dataset/ogre/ogre_render0028.png,ogre
gs://hv-bucket-us/Dataset/ogre/ogre_render0029.png,ogre
gs://hv-bucket-us/Dataset/ogre/ogre_render0030.png,ogre
gs://hv-bucket-us/Dataset/ogre/ogre_render0031.png,ogre
gs://hv-bucket-us/Dataset/ogre/ogre_render0032.png,ogre
gs://hv-bucket-us/Dataset/ogre/ogre_render0033.png,ogre
gs://hv-bucket-us/Dataset/ogre/ogre_render0034.png,ogre
gs://hv-bucket-us/Dataset/ogre/ogre_render0035.png,ogre
gs://hv-bucket-us/Dataset/ogre/ogre_render0036.png,ogre
gs://hv-bucket-us/Dataset/ogre/ogre_render0037.png,ogre
gs://hv-bucket-us/Dataset/ogre/ogre_render0038.png,ogre
gs://hv-bucket-us/Dataset/ogre/ogre_render0039.png,ogre
gs://hv-bucket-us/Dataset/ogre/ogre_render0040.png,ogre
gs://hv-bucket-us/Dataset/ogre/ogre_render0041.png,ogre
gs://hv-bucket-us/Dataset/ogre/ogre_render0042.png,ogre
gs://hv-bucket-us/Dataset/ogre/ogre_render0043.png,ogre
gs://hv-bucket-us/Dataset/ogre/ogre_render0044.png,ogre
gs://hv-bucket-us/Dataset/ogre/ogre_render0045.png,ogre
gs://hv-bucket-us/Dataset/ogre/ogre_render0046.png,ogre
gs://hv-bucket-us/Dataset/ogre/ogre_render0047.png,ogre
gs://hv-bucket-us/Dataset/ogre/ogre_render0048.png,ogre
gs://hv-bucket-us/Dataset/ogre/ogre_render0049.png,ogre
gs://hv-bucket-us/Dataset/ogre/ogre_render0050.png,ogre
gs://hv-bucket-us/Dataset/ogre/ogre_render0051.png,ogre
gs://hv-bucket-us/Dataset/ogre/ogre_render0052.png,ogre
gs://hv-bucket-us/Dataset/ogre/ogre_render0053.png,ogre
gs://hv-bucket-us/Dataset/ogre/ogre_render0054.png,ogre
gs://hv-bucket-us/Dataset/ogre/ogre_render0055.png,ogre
gs://hv-bucket-us/Dataset/ogre/ogre_render0056.png,ogre
gs://hv-bucket-us/Dataset/ogre/ogre_render0057.png,ogre
gs://hv-bucket-us/Dataset/ogre/ogre_render0058.png,ogre
gs://hv-bucket-us/Dataset/ogre/ogre_render0059.png,ogre
gs://hv-bucket-us/Dataset/ogre/ogre_render0060.png,ogre
gs://hv-bucket-us/Dataset/ogre/ogre_render0061.png,ogre
gs://hv-bucket-us/Dataset/ogre/ogre_render0062.png,ogre
gs://hv-bucket-us/Dataset/ogre/ogre_render0063.png,ogre
gs://hv-bucket-us/Dataset/ogre/ogre_render0064.png,ogre
gs://hv-bucket-us/Dataset/ogre/ogre_render0065.png,ogre
gs://hv-bucket-us/Dataset/ogre/ogre_render0066.png,ogre
gs://hv-bucket-us/Dataset/ogre/ogre_render0067.png,ogre
gs://hv-bucket-us/Dataset/ogre/ogre_render0068.png,ogre
gs://hv-bucket-us/Dataset/ogre/ogre_render0069.png,ogre
gs://hv-bucket-us/Dataset/ogre/ogre_render0070.png,ogre
gs://hv-bucket-us/Dataset/ogre/ogre_render0071.png,ogre
gs://hv-bucket-us/Dataset/ogre/ogre_render0072.png,ogre
gs://hv-bucket-us/Dataset/ogre/ogre_render0073.png,ogre
gs://hv-bucket-us/Dataset/ogre/ogre_render0074.png,ogre
gs://hv-bucket-us/Dataset/ogre/ogre_render0075.png,ogre
gs://hv-bucket-us/Dataset/ogre/ogre_render0076.png,ogre
gs://hv-bucket-us/Dataset/ogre/ogre_render0077.png,ogre
gs://hv-bucket-us/Dataset/ogre/ogre_render0078.png,ogre
gs://hv-bucket-us/Dataset/ogre/ogre_render0079.png,ogre
gs://hv-bucket-us/Dataset/ogre/ogre_render0080.png,ogre
gs://hv-bucket-us/Dataset/ogre/ogre_render0081.png,ogre
gs://hv-bucket-us/Dataset/ogre/ogre_render0082.png,ogre
gs://hv-bucket-us/Dataset/ogre/ogre_render0083.png,ogre
gs://hv-bucket-us/Dataset/ogre/ogre_render0084.png,ogre
gs://hv-bucket-us/Dataset/ogre/ogre_render0085.png,ogre
gs://hv-bucket-us/Dataset/ogre/ogre_render0086.png,ogre
gs://hv-bucket-us/Dataset/ogre/ogre_render0087.png,ogre
gs://hv-bucket-us/Dataset/ogre/ogre_render0088.png,ogre
gs://hv-bucket-us/Dataset/ogre/ogre_render0089.png,ogre
gs://hv-bucket-us/Dataset/ogre/ogre_render0090.png,ogre
gs://hv-bucket-us/Dataset/ogre/ogre_render0091.png,ogre
gs://hv-bucket-us/Dataset/ogre/ogre_render0092.png,ogre
gs://hv-bucket-us/Dataset/ogre/ogre_render0093.png,ogre
gs://hv-bucket-us/Dataset/ogre/ogre_render0094.png,ogre
gs://hv-bucket-us/Dataset/ogre/ogre_render0095.png,ogre
gs://hv-bucket-us/Dataset/ogre/ogre_render0096.png,ogre
gs://hv-bucket-us/Dataset/ogre/ogre_render0097.png,ogre
gs://hv-bucket-us/Dataset/ogre/ogre_render0098.png,ogre
gs://hv-bucket-us/Dataset/ogre/ogre_render0099.png,ogre
gs://hv-bucket-us/Dataset/ogre/ogre_render0100.png,ogre
gs://hv-bucket-us/Dataset/phantomassassin/phantomassassin_render0000.png,phantomassassin
gs://hv-bucket-us/Dataset/phantomassassin/phantomassassin_render0001.png,phantomassassin
gs://hv-bucket-us/Dataset/phantomassassin/phantomassassin_render0002.png,phantomassassin
gs://hv-bucket-us/Dataset/phantomassassin/phantomassassin_render0003.png,phantomassassin
gs://hv-bucket-us/Dataset/phantomassassin/phantomassassin_render0004.png,phantomassassin
gs://hv-bucket-us/Dataset/phantomassassin/phantomassassin_render0005.png,phantomassassin
gs://hv-bucket-us/Dataset/phantomassassin/phantomassassin_render0006.png,phantomassassin
gs://hv-bucket-us/Dataset/phantomassassin/phantomassassin_render0007.png,phantomassassin
gs://hv-bucket-us/Dataset/phantomassassin/phantomassassin_render0008.png,phantomassassin
gs://hv-bucket-us/Dataset/phantomassassin/phantomassassin_render0009.png,phantomassassin
gs://hv-bucket-us/Dataset/phantomassassin/phantomassassin_render0010.png,phantomassassin
gs://hv-bucket-us/Dataset/phantomassassin/phantomassassin_render0011.png,phantomassassin
gs://hv-bucket-us/Dataset/phantomassassin/phantomassassin_render0012.png,phantomassassin
gs://hv-bucket-us/Dataset/phantomassassin/phantomassassin_render0013.png,phantomassassin
gs://hv-bucket-us/Dataset/phantomassassin/phantomassassin_render0014.png,phantomassassin
gs://hv-bucket-us/Dataset/phantomassassin/phantomassassin_render0015.png,phantomassassin
gs://hv-bucket-us/Dataset/phantomassassin/phantomassassin_render0016.png,phantomassassin
gs://hv-bucket-us/Dataset/phantomassassin/phantomassassin_render0017.png,phantomassassin
gs://hv-bucket-us/Dataset/phantomassassin/phantomassassin_render0018.png,phantomassassin
gs://hv-bucket-us/Dataset/phantomassassin/phantomassassin_render0019.png,phantomassassin
gs://hv-bucket-us/Dataset/phantomassassin/phantomassassin_render0020.png,phantomassassin
gs://hv-bucket-us/Dataset/phantomassassin/phantomassassin_render0021.png,phantomassassin
gs://hv-bucket-us/Dataset/phantomassassin/phantomassassin_render0022.png,phantomassassin
gs://hv-bucket-us/Dataset/phantomassassin/phantomassassin_render0023.png,phantomassassin
gs://hv-bucket-us/Dataset/phantomassassin/phantomassassin_render0024.png,phantomassassin
gs://hv-bucket-us/Dataset/phantomassassin/phantomassassin_render0025.png,phantomassassin
gs://hv-bucket-us/Dataset/phantomassassin/phantomassassin_render0026.png,phantomassassin
gs://hv-bucket-us/Dataset/phantomassassin/phantomassassin_render0027.png,phantomassassin
gs://hv-bucket-us/Dataset/phantomassassin/phantomassassin_render0028.png,phantomassassin
gs://hv-bucket-us/Dataset/phantomassassin/phantomassassin_render0029.png,phantomassassin
gs://hv-bucket-us/Dataset/phantomassassin/phantomassassin_render0030.png,phantomassassin
gs://hv-bucket-us/Dataset/phantomassassin/phantomassassin_render0031.png,phantomassassin
gs://hv-bucket-us/Dataset/phantomassassin/phantomassassin_render0032.png,phantomassassin
gs://hv-bucket-us/Dataset/phantomassassin/phantomassassin_render0033.png,phantomassassin
gs://hv-bucket-us/Dataset/phantomassassin/phantomassassin_render0034.png,phantomassassin
gs://hv-bucket-us/Dataset/phantomassassin/phantomassassin_render0035.png,phantomassassin
gs://hv-bucket-us/Dataset/phantomassassin/phantomassassin_render0036.png,phantomassassin
gs://hv-bucket-us/Dataset/phantomassassin/phantomassassin_render0037.png,phantomassassin
gs://hv-bucket-us/Dataset/phantomassassin/phantomassassin_render0038.png,phantomassassin
gs://hv-bucket-us/Dataset/phantomassassin/phantomassassin_render0039.png,phantomassassin
gs://hv-bucket-us/Dataset/phantomassassin/phantomassassin_render0040.png,phantomassassin
gs://hv-bucket-us/Dataset/phantomassassin/phantomassassin_render0041.png,phantomassassin
gs://hv-bucket-us/Dataset/phantomassassin/phantomassassin_render0042.png,phantomassassin
gs://hv-bucket-us/Dataset/phantomassassin/phantomassassin_render0043.png,phantomassassin
gs://hv-bucket-us/Dataset/phantomassassin/phantomassassin_render0044.png,phantomassassin
gs://hv-bucket-us/Dataset/phantomassassin/phantomassassin_render0045.png,phantomassassin
gs://hv-bucket-us/Dataset/phantomassassin/phantomassassin_render0046.png,phantomassassin
gs://hv-bucket-us/Dataset/phantomassassin/phantomassassin_render0047.png,phantomassassin
gs://hv-bucket-us/Dataset/phantomassassin/phantomassassin_render0048.png,phantomassassin
gs://hv-bucket-us/Dataset/phantomassassin/phantomassassin_render0049.png,phantomassassin
gs://hv-bucket-us/Dataset/phantomassassin/phantomassassin_render0050.png,phantomassassin
gs://hv-bucket-us/Dataset/phantomassassin/phantomassassin_render0051.png,phantomassassin
gs://hv-bucket-us/Dataset/phantomassassin/phantomassassin_render0052.png,phantomassassin
gs://hv-bucket-us/Dataset/phantomassassin/phantomassassin_render0053.png,phantomassassin
gs://hv-bucket-us/Dataset/phantomassassin/phantomassassin_render0054.png,phantomassassin
gs://hv-bucket-us/Dataset/phantomassassin/phantomassassin_render0055.png,phantomassassin
gs://hv-bucket-us/Dataset/phantomassassin/phantomassassin_render0056.png,phantomassassin
gs://hv-bucket-us/Dataset/phantomassassin/phantomassassin_render0057.png,phantomassassin
gs://hv-bucket-us/Dataset/phantomassassin/phantomassassin_render0058.png,phantomassassin
gs://hv-bucket-us/Dataset/phantomassassin/phantomassassin_render0059.png,phantomassassin
gs://hv-bucket-us/Dataset/phantomassassin/phantomassassin_render0060.png,phantomassassin
gs://hv-bucket-us/Dataset/phantomassassin/phantomassassin_render0061.png,phantomassassin
gs://hv-bucket-us/Dataset/phantomassassin/phantomassassin_render0062.png,phantomassassin
gs://hv-bucket-us/Dataset/phantomassassin/phantomassassin_render0063.png,phantomassassin
gs://hv-bucket-us/Dataset/phantomassassin/phantomassassin_render0064.png,phantomassassin
gs://hv-bucket-us/Dataset/phantomassassin/phantomassassin_render0065.png,phantomassassin
gs://hv-bucket-us/Dataset/phantomassassin/phantomassassin_render0066.png,phantomassassin
gs://hv-bucket-us/Dataset/phantomassassin/phantomassassin_render0067.png,phantomassassin
gs://hv-bucket-us/Dataset/phantomassassin/phantomassassin_render0068.png,phantomassassin
gs://hv-bucket-us/Dataset/phantomassassin/phantomassassin_render0069.png,phantomassassin
gs://hv-bucket-us/Dataset/phantomassassin/phantomassassin_render0070.png,phantomassassin
gs://hv-bucket-us/Dataset/phantomassassin/phantomassassin_render0071.png,phantomassassin
gs://hv-bucket-us/Dataset/phantomassassin/phantomassassin_render0072.png,phantomassassin
gs://hv-bucket-us/Dataset/phantomassassin/phantomassassin_render0073.png,phantomassassin
gs://hv-bucket-us/Dataset/phantomassassin/phantomassassin_render0074.png,phantomassassin
gs://hv-bucket-us/Dataset/phantomassassin/phantomassassin_render0075.png,phantomassassin
gs://hv-bucket-us/Dataset/phantomassassin/phantomassassin_render0076.png,phantomassassin
gs://hv-bucket-us/Dataset/phantomassassin/phantomassassin_render0077.png,phantomassassin
gs://hv-bucket-us/Dataset/phantomassassin/phantomassassin_render0078.png,phantomassassin
gs://hv-bucket-us/Dataset/phantomassassin/phantomassassin_render0079.png,phantomassassin
gs://hv-bucket-us/Dataset/phantomassassin/phantomassassin_render0080.png,phantomassassin
gs://hv-bucket-us/Dataset/phantomassassin/phantomassassin_render0081.png,phantomassassin
gs://hv-bucket-us/Dataset/phantomassassin/phantomassassin_render0082.png,phantomassassin
gs://hv-bucket-us/Dataset/phantomassassin/phantomassassin_render0083.png,phantomassassin
gs://hv-bucket-us/Dataset/phantomassassin/phantomassassin_render0084.png,phantomassassin
gs://hv-bucket-us/Dataset/phantomassassin/phantomassassin_render0085.png,phantomassassin
gs://hv-bucket-us/Dataset/phantomassassin/phantomassassin_render0086.png,phantomassassin
gs://hv-bucket-us/Dataset/phantomassassin/phantomassassin_render0087.png,phantomassassin
gs://hv-bucket-us/Dataset/phantomassassin/phantomassassin_render0088.png,phantomassassin
gs://hv-bucket-us/Dataset/phantomassassin/phantomassassin_render0089.png,phantomassassin
gs://hv-bucket-us/Dataset/phantomassassin/phantomassassin_render0090.png,phantomassassin
gs://hv-bucket-us/Dataset/phantomassassin/phantomassassin_render0091.png,phantomassassin
gs://hv-bucket-us/Dataset/phantomassassin/phantomassassin_render0092.png,phantomassassin
gs://hv-bucket-us/Dataset/phantomassassin/phantomassassin_render0093.png,phantomassassin
gs://hv-bucket-us/Dataset/phantomassassin/phantomassassin_render0094.png,phantomassassin
gs://hv-bucket-us/Dataset/phantomassassin/phantomassassin_render0095.png,phantomassassin
gs://hv-bucket-us/Dataset/phantomassassin/phantomassassin_render0096.png,phantomassassin
gs://hv-bucket-us/Dataset/phantomassassin/phantomassassin_render0097.png,phantomassassin
gs://hv-bucket-us/Dataset/phantomassassin/phantomassassin_render0098.png,phantomassassin
gs://hv-bucket-us/Dataset/phantomassassin/phantomassassin_render0099.png,phantomassassin
gs://hv-bucket-us/Dataset/phantomassassin/phantomassassin_render0100.png,phantomassassin
gs://hv-bucket-us/Dataset/pudge/pudge_render0000.png,pudge
gs://hv-bucket-us/Dataset/pudge/pudge_render0001.png,pudge
gs://hv-bucket-us/Dataset/pudge/pudge_render0002.png,pudge
gs://hv-bucket-us/Dataset/pudge/pudge_render0003.png,pudge
gs://hv-bucket-us/Dataset/pudge/pudge_render0004.png,pudge
gs://hv-bucket-us/Dataset/pudge/pudge_render0005.png,pudge
gs://hv-bucket-us/Dataset/pudge/pudge_render0006.png,pudge
gs://hv-bucket-us/Dataset/pudge/pudge_render0007.png,pudge
gs://hv-bucket-us/Dataset/pudge/pudge_render0008.png,pudge
gs://hv-bucket-us/Dataset/pudge/pudge_render0009.png,pudge
gs://hv-bucket-us/Dataset/pudge/pudge_render0010.png,pudge
gs://hv-bucket-us/Dataset/pudge/pudge_render0011.png,pudge
gs://hv-bucket-us/Dataset/pudge/pudge_render0012.png,pudge
gs://hv-bucket-us/Dataset/pudge/pudge_render0013.png,pudge
gs://hv-bucket-us/Dataset/pudge/pudge_render0014.png,pudge
gs://hv-bucket-us/Dataset/pudge/pudge_render0015.png,pudge
gs://hv-bucket-us/Dataset/pudge/pudge_render0016.png,pudge
gs://hv-bucket-us/Dataset/pudge/pudge_render0017.png,pudge
gs://hv-bucket-us/Dataset/pudge/pudge_render0018.png,pudge
gs://hv-bucket-us/Dataset/pudge/pudge_render0019.png,pudge
gs://hv-bucket-us/Dataset/pudge/pudge_render0020.png,pudge
gs://hv-bucket-us/Dataset/pudge/pudge_render0021.png,pudge
gs://hv-bucket-us/Dataset/pudge/pudge_render0022.png,pudge
gs://hv-bucket-us/Dataset/pudge/pudge_render0023.png,pudge
gs://hv-bucket-us/Dataset/pudge/pudge_render0024.png,pudge
gs://hv-bucket-us/Dataset/pudge/pudge_render0025.png,pudge
gs://hv-bucket-us/Dataset/pudge/pudge_render0026.png,pudge
gs://hv-bucket-us/Dataset/pudge/pudge_render0027.png,pudge
gs://hv-bucket-us/Dataset/pudge/pudge_render0028.png,pudge
gs://hv-bucket-us/Dataset/pudge/pudge_render0029.png,pudge
gs://hv-bucket-us/Dataset/pudge/pudge_render0030.png,pudge
gs://hv-bucket-us/Dataset/pudge/pudge_render0031.png,pudge
gs://hv-bucket-us/Dataset/pudge/pudge_render0032.png,pudge
gs://hv-bucket-us/Dataset/pudge/pudge_render0033.png,pudge
gs://hv-bucket-us/Dataset/pudge/pudge_render0034.png,pudge
gs://hv-bucket-us/Dataset/pudge/pudge_render0035.png,pudge
gs://hv-bucket-us/Dataset/pudge/pudge_render0036.png,pudge
gs://hv-bucket-us/Dataset/pudge/pudge_render0037.png,pudge
gs://hv-bucket-us/Dataset/pudge/pudge_render0038.png,pudge
gs://hv-bucket-us/Dataset/pudge/pudge_render0039.png,pudge
gs://hv-bucket-us/Dataset/pudge/pudge_render0040.png,pudge
gs://hv-bucket-us/Dataset/pudge/pudge_render0041.png,pudge
gs://hv-bucket-us/Dataset/pudge/pudge_render0042.png,pudge
gs://hv-bucket-us/Dataset/pudge/pudge_render0043.png,pudge
gs://hv-bucket-us/Dataset/pudge/pudge_render0044.png,pudge
gs://hv-bucket-us/Dataset/pudge/pudge_render0045.png,pudge
gs://hv-bucket-us/Dataset/pudge/pudge_render0046.png,pudge
gs://hv-bucket-us/Dataset/pudge/pudge_render0047.png,pudge
gs://hv-bucket-us/Dataset/pudge/pudge_render0048.png,pudge
gs://hv-bucket-us/Dataset/pudge/pudge_render0049.png,pudge
gs://hv-bucket-us/Dataset/pudge/pudge_render0050.png,pudge
gs://hv-bucket-us/Dataset/pudge/pudge_render0051.png,pudge
gs://hv-bucket-us/Dataset/pudge/pudge_render0052.png,pudge
gs://hv-bucket-us/Dataset/pudge/pudge_render0053.png,pudge
gs://hv-bucket-us/Dataset/pudge/pudge_render0054.png,pudge
gs://hv-bucket-us/Dataset/pudge/pudge_render0055.png,pudge
gs://hv-bucket-us/Dataset/pudge/pudge_render0056.png,pudge
gs://hv-bucket-us/Dataset/pudge/pudge_render0057.png,pudge
gs://hv-bucket-us/Dataset/pudge/pudge_render0058.png,pudge
gs://hv-bucket-us/Dataset/pudge/pudge_render0059.png,pudge
gs://hv-bucket-us/Dataset/pudge/pudge_render0060.png,pudge
gs://hv-bucket-us/Dataset/pudge/pudge_render0061.png,pudge
gs://hv-bucket-us/Dataset/pudge/pudge_render0062.png,pudge
gs://hv-bucket-us/Dataset/pudge/pudge_render0063.png,pudge
gs://hv-bucket-us/Dataset/pudge/pudge_render0064.png,pudge
gs://hv-bucket-us/Dataset/pudge/pudge_render0065.png,pudge
gs://hv-bucket-us/Dataset/pudge/pudge_render0066.png,pudge
gs://hv-bucket-us/Dataset/pudge/pudge_render0067.png,pudge
gs://hv-bucket-us/Dataset/pudge/pudge_render0068.png,pudge
gs://hv-bucket-us/Dataset/pudge/pudge_render0069.png,pudge
gs://hv-bucket-us/Dataset/pudge/pudge_render0070.png,pudge
gs://hv-bucket-us/Dataset/pudge/pudge_render0071.png,pudge
gs://hv-bucket-us/Dataset/pudge/pudge_render0072.png,pudge
gs://hv-bucket-us/Dataset/pudge/pudge_render0073.png,pudge
gs://hv-bucket-us/Dataset/pudge/pudge_render0074.png,pudge
gs://hv-bucket-us/Dataset/pudge/pudge_render0075.png,pudge
gs://hv-bucket-us/Dataset/pudge/pudge_render0076.png,pudge
gs://hv-bucket-us/Dataset/pudge/pudge_render0077.png,pudge
gs://hv-bucket-us/Dataset/pudge/pudge_render0078.png,pudge
gs://hv-bucket-us/Dataset/pudge/pudge_render0079.png,pudge
gs://hv-bucket-us/Dataset/pudge/pudge_render0080.png,pudge
gs://hv-bucket-us/Dataset/pudge/pudge_render0081.png,pudge
gs://hv-bucket-us/Dataset/pudge/pudge_render0082.png,pudge
gs://hv-bucket-us/Dataset/pudge/pudge_render0083.png,pudge
gs://hv-bucket-us/Dataset/pudge/pudge_render0084.png,pudge
gs://hv-bucket-us/Dataset/pudge/pudge_render0085.png,pudge
gs://hv-bucket-us/Dataset/pudge/pudge_render0086.png,pudge
gs://hv-bucket-us/Dataset/pudge/pudge_render0087.png,pudge
gs://hv-bucket-us/Dataset/pudge/pudge_render0088.png,pudge
gs://hv-bucket-us/Dataset/pudge/pudge_render0089.png,pudge
gs://hv-bucket-us/Dataset/pudge/pudge_render0090.png,pudge
gs://hv-bucket-us/Dataset/pudge/pudge_render0091.png,pudge
gs://hv-bucket-us/Dataset/pudge/pudge_render0092.png,pudge
gs://hv-bucket-us/Dataset/pudge/pudge_render0093.png,pudge
gs://hv-bucket-us/Dataset/pudge/pudge_render0094.png,pudge
gs://hv-bucket-us/Dataset/pudge/pudge_render0095.png,pudge
gs://hv-bucket-us/Dataset/pudge/pudge_render0096.png,pudge
gs://hv-bucket-us/Dataset/pudge/pudge_render0097.png,pudge
gs://hv-bucket-us/Dataset/pudge/pudge_render0098.png,pudge
gs://hv-bucket-us/Dataset/pudge/pudge_render0099.png,pudge
gs://hv-bucket-us/Dataset/pudge/pudge_render0100.png,pudge
gs://hv-bucket-us/Dataset/shadowfiend/shadowfiend_render0000.png,shadowfiend
gs://hv-bucket-us/Dataset/shadowfiend/shadowfiend_render0001.png,shadowfiend
gs://hv-bucket-us/Dataset/shadowfiend/shadowfiend_render0002.png,shadowfiend
gs://hv-bucket-us/Dataset/shadowfiend/shadowfiend_render0003.png,shadowfiend
gs://hv-bucket-us/Dataset/shadowfiend/shadowfiend_render0004.png,shadowfiend
gs://hv-bucket-us/Dataset/shadowfiend/shadowfiend_render0005.png,shadowfiend
gs://hv-bucket-us/Dataset/shadowfiend/shadowfiend_render0006.png,shadowfiend
gs://hv-bucket-us/Dataset/shadowfiend/shadowfiend_render0007.png,shadowfiend
gs://hv-bucket-us/Dataset/shadowfiend/shadowfiend_render0008.png,shadowfiend
gs://hv-bucket-us/Dataset/shadowfiend/shadowfiend_render0009.png,shadowfiend
gs://hv-bucket-us/Dataset/shadowfiend/shadowfiend_render0010.png,shadowfiend
gs://hv-bucket-us/Dataset/shadowfiend/shadowfiend_render0011.png,shadowfiend
gs://hv-bucket-us/Dataset/shadowfiend/shadowfiend_render0012.png,shadowfiend
gs://hv-bucket-us/Dataset/shadowfiend/shadowfiend_render0013.png,shadowfiend
gs://hv-bucket-us/Dataset/shadowfiend/shadowfiend_render0014.png,shadowfiend
gs://hv-bucket-us/Dataset/shadowfiend/shadowfiend_render0015.png,shadowfiend
gs://hv-bucket-us/Dataset/shadowfiend/shadowfiend_render0016.png,shadowfiend
gs://hv-bucket-us/Dataset/shadowfiend/shadowfiend_render0017.png,shadowfiend
gs://hv-bucket-us/Dataset/shadowfiend/shadowfiend_render0018.png,shadowfiend
gs://hv-bucket-us/Dataset/shadowfiend/shadowfiend_render0019.png,shadowfiend
gs://hv-bucket-us/Dataset/shadowfiend/shadowfiend_render0020.png,shadowfiend
gs://hv-bucket-us/Dataset/shadowfiend/shadowfiend_render0021.png,shadowfiend
gs://hv-bucket-us/Dataset/shadowfiend/shadowfiend_render0022.png,shadowfiend
gs://hv-bucket-us/Dataset/shadowfiend/shadowfiend_render0023.png,shadowfiend
gs://hv-bucket-us/Dataset/shadowfiend/shadowfiend_render0024.png,shadowfiend
gs://hv-bucket-us/Dataset/shadowfiend/shadowfiend_render0025.png,shadowfiend
gs://hv-bucket-us/Dataset/shadowfiend/shadowfiend_render0026.png,shadowfiend
gs://hv-bucket-us/Dataset/shadowfiend/shadowfiend_render0027.png,shadowfiend
gs://hv-bucket-us/Dataset/shadowfiend/shadowfiend_render0028.png,shadowfiend
gs://hv-bucket-us/Dataset/shadowfiend/shadowfiend_render0029.png,shadowfiend
gs://hv-bucket-us/Dataset/shadowfiend/shadowfiend_render0030.png,shadowfiend
gs://hv-bucket-us/Dataset/shadowfiend/shadowfiend_render0031.png,shadowfiend
gs://hv-bucket-us/Dataset/shadowfiend/shadowfiend_render0032.png,shadowfiend
gs://hv-bucket-us/Dataset/shadowfiend/shadowfiend_render0033.png,shadowfiend
gs://hv-bucket-us/Dataset/shadowfiend/shadowfiend_render0034.png,shadowfiend
gs://hv-bucket-us/Dataset/shadowfiend/shadowfiend_render0035.png,shadowfiend
gs://hv-bucket-us/Dataset/shadowfiend/shadowfiend_render0036.png,shadowfiend
gs://hv-bucket-us/Dataset/shadowfiend/shadowfiend_render0037.png,shadowfiend
gs://hv-bucket-us/Dataset/shadowfiend/shadowfiend_render0038.png,shadowfiend
gs://hv-bucket-us/Dataset/shadowfiend/shadowfiend_render0039.png,shadowfiend
gs://hv-bucket-us/Dataset/shadowfiend/shadowfiend_render0040.png,shadowfiend
gs://hv-bucket-us/Dataset/shadowfiend/shadowfiend_render0041.png,shadowfiend
gs://hv-bucket-us/Dataset/shadowfiend/shadowfiend_render0042.png,shadowfiend
gs://hv-bucket-us/Dataset/shadowfiend/shadowfiend_render0043.png,shadowfiend
gs://hv-bucket-us/Dataset/shadowfiend/shadowfiend_render0044.png,shadowfiend
gs://hv-bucket-us/Dataset/shadowfiend/shadowfiend_render0045.png,shadowfiend
gs://hv-bucket-us/Dataset/shadowfiend/shadowfiend_render0046.png,shadowfiend
gs://hv-bucket-us/Dataset/shadowfiend/shadowfiend_render0047.png,shadowfiend
gs://hv-bucket-us/Dataset/shadowfiend/shadowfiend_render0048.png,shadowfiend
gs://hv-bucket-us/Dataset/shadowfiend/shadowfiend_render0049.png,shadowfiend
gs://hv-bucket-us/Dataset/shadowfiend/shadowfiend_render0050.png,shadowfiend
gs://hv-bucket-us/Dataset/shadowfiend/shadowfiend_render0051.png,shadowfiend
gs://hv-bucket-us/Dataset/shadowfiend/shadowfiend_render0052.png,shadowfiend
gs://hv-bucket-us/Dataset/shadowfiend/shadowfiend_render0053.png,shadowfiend
gs://hv-bucket-us/Dataset/shadowfiend/shadowfiend_render0054.png,shadowfiend
gs://hv-bucket-us/Dataset/shadowfiend/shadowfiend_render0055.png,shadowfiend
gs://hv-bucket-us/Dataset/shadowfiend/shadowfiend_render0056.png,shadowfiend
gs://hv-bucket-us/Dataset/shadowfiend/shadowfiend_render0057.png,shadowfiend
gs://hv-bucket-us/Dataset/shadowfiend/shadowfiend_render0058.png,shadowfiend
gs://hv-bucket-us/Dataset/shadowfiend/shadowfiend_render0059.png,shadowfiend
gs://hv-bucket-us/Dataset/shadowfiend/shadowfiend_render0060.png,shadowfiend
gs://hv-bucket-us/Dataset/shadowfiend/shadowfiend_render0061.png,shadowfiend
gs://hv-bucket-us/Dataset/shadowfiend/shadowfiend_render0062.png,shadowfiend
gs://hv-bucket-us/Dataset/shadowfiend/shadowfiend_render0063.png,shadowfiend
gs://hv-bucket-us/Dataset/shadowfiend/shadowfiend_render0064.png,shadowfiend
gs://hv-bucket-us/Dataset/shadowfiend/shadowfiend_render0065.png,shadowfiend
gs://hv-bucket-us/Dataset/shadowfiend/shadowfiend_render0066.png,shadowfiend
gs://hv-bucket-us/Dataset/shadowfiend/shadowfiend_render0067.png,shadowfiend
gs://hv-bucket-us/Dataset/shadowfiend/shadowfiend_render0068.png,shadowfiend
gs://hv-bucket-us/Dataset/shadowfiend/shadowfiend_render0069.png,shadowfiend
gs://hv-bucket-us/Dataset/shadowfiend/shadowfiend_render0070.png,shadowfiend
gs://hv-bucket-us/Dataset/shadowfiend/shadowfiend_render0071.png,shadowfiend
gs://hv-bucket-us/Dataset/shadowfiend/shadowfiend_render0072.png,shadowfiend
gs://hv-bucket-us/Dataset/shadowfiend/shadowfiend_render0073.png,shadowfiend
gs://hv-bucket-us/Dataset/shadowfiend/shadowfiend_render0074.png,shadowfiend
gs://hv-bucket-us/Dataset/shadowfiend/shadowfiend_render0075.png,shadowfiend
gs://hv-bucket-us/Dataset/shadowfiend/shadowfiend_render0076.png,shadowfiend
gs://hv-bucket-us/Dataset/shadowfiend/shadowfiend_render0077.png,shadowfiend
gs://hv-bucket-us/Dataset/shadowfiend/shadowfiend_render0078.png,shadowfiend
gs://hv-bucket-us/Dataset/shadowfiend/shadowfiend_render0079.png,shadowfiend
gs://hv-bucket-us/Dataset/shadowfiend/shadowfiend_render0080.png,shadowfiend
gs://hv-bucket-us/Dataset/shadowfiend/shadowfiend_render0081.png,shadowfiend
gs://hv-bucket-us/Dataset/shadowfiend/shadowfiend_render0082.png,shadowfiend
gs://hv-bucket-us/Dataset/shadowfiend/shadowfiend_render0083.png,shadowfiend
gs://hv-bucket-us/Dataset/shadowfiend/shadowfiend_render0084.png,shadowfiend
gs://hv-bucket-us/Dataset/shadowfiend/shadowfiend_render0085.png,shadowfiend
gs://hv-bucket-us/Dataset/shadowfiend/shadowfiend_render0086.png,shadowfiend
gs://hv-bucket-us/Dataset/shadowfiend/shadowfiend_render0087.png,shadowfiend
gs://hv-bucket-us/Dataset/shadowfiend/shadowfiend_render0088.png,shadowfiend
gs://hv-bucket-us/Dataset/shadowfiend/shadowfiend_render0089.png,shadowfiend
gs://hv-bucket-us/Dataset/shadowfiend/shadowfiend_render0090.png,shadowfiend
gs://hv-bucket-us/Dataset/shadowfiend/shadowfiend_render0091.png,shadowfiend
gs://hv-bucket-us/Dataset/shadowfiend/shadowfiend_render0092.png,shadowfiend
gs://hv-bucket-us/Dataset/shadowfiend/shadowfiend_render0093.png,shadowfiend
gs://hv-bucket-us/Dataset/shadowfiend/shadowfiend_render0094.png,shadowfiend
gs://hv-bucket-us/Dataset/shadowfiend/shadowfiend_render0095.png,shadowfiend
gs://hv-bucket-us/Dataset/shadowfiend/shadowfiend_render0096.png,shadowfiend
gs://hv-bucket-us/Dataset/shadowfiend/shadowfiend_render0097.png,shadowfiend
gs://hv-bucket-us/Dataset/shadowfiend/shadowfiend_render0098.png,shadowfiend
gs://hv-bucket-us/Dataset/shadowfiend/shadowfiend_render0099.png,shadowfiend
gs://hv-bucket-us/Dataset/shadowfiend/shadowfiend_render0100.png,shadowfiend
gs://hv-bucket-us/Dataset/silencer/silencer_render0000.png,silencer
gs://hv-bucket-us/Dataset/silencer/silencer_render0001.png,silencer
gs://hv-bucket-us/Dataset/silencer/silencer_render0002.png,silencer
gs://hv-bucket-us/Dataset/silencer/silencer_render0003.png,silencer
gs://hv-bucket-us/Dataset/silencer/silencer_render0004.png,silencer
gs://hv-bucket-us/Dataset/silencer/silencer_render0005.png,silencer
gs://hv-bucket-us/Dataset/silencer/silencer_render0006.png,silencer
gs://hv-bucket-us/Dataset/silencer/silencer_render0007.png,silencer
gs://hv-bucket-us/Dataset/silencer/silencer_render0008.png,silencer
gs://hv-bucket-us/Dataset/silencer/silencer_render0009.png,silencer
gs://hv-bucket-us/Dataset/silencer/silencer_render0010.png,silencer
gs://hv-bucket-us/Dataset/silencer/silencer_render0011.png,silencer
gs://hv-bucket-us/Dataset/silencer/silencer_render0012.png,silencer
gs://hv-bucket-us/Dataset/silencer/silencer_render0013.png,silencer
gs://hv-bucket-us/Dataset/silencer/silencer_render0014.png,silencer
gs://hv-bucket-us/Dataset/silencer/silencer_render0015.png,silencer
gs://hv-bucket-us/Dataset/silencer/silencer_render0016.png,silencer
gs://hv-bucket-us/Dataset/silencer/silencer_render0017.png,silencer
gs://hv-bucket-us/Dataset/silencer/silencer_render0018.png,silencer
gs://hv-bucket-us/Dataset/silencer/silencer_render0019.png,silencer
gs://hv-bucket-us/Dataset/silencer/silencer_render0020.png,silencer
gs://hv-bucket-us/Dataset/silencer/silencer_render0021.png,silencer
gs://hv-bucket-us/Dataset/silencer/silencer_render0022.png,silencer
gs://hv-bucket-us/Dataset/silencer/silencer_render0023.png,silencer
gs://hv-bucket-us/Dataset/silencer/silencer_render0024.png,silencer
gs://hv-bucket-us/Dataset/silencer/silencer_render0025.png,silencer
gs://hv-bucket-us/Dataset/silencer/silencer_render0026.png,silencer
gs://hv-bucket-us/Dataset/silencer/silencer_render0027.png,silencer
gs://hv-bucket-us/Dataset/silencer/silencer_render0028.png,silencer
gs://hv-bucket-us/Dataset/silencer/silencer_render0029.png,silencer
gs://hv-bucket-us/Dataset/silencer/silencer_render0030.png,silencer
gs://hv-bucket-us/Dataset/silencer/silencer_render0031.png,silencer
gs://hv-bucket-us/Dataset/silencer/silencer_render0032.png,silencer
gs://hv-bucket-us/Dataset/silencer/silencer_render0033.png,silencer
gs://hv-bucket-us/Dataset/silencer/silencer_render0034.png,silencer
gs://hv-bucket-us/Dataset/silencer/silencer_render0035.png,silencer
gs://hv-bucket-us/Dataset/silencer/silencer_render0036.png,silencer
gs://hv-bucket-us/Dataset/silencer/silencer_render0037.png,silencer
gs://hv-bucket-us/Dataset/silencer/silencer_render0038.png,silencer
gs://hv-bucket-us/Dataset/silencer/silencer_render0039.png,silencer
gs://hv-bucket-us/Dataset/silencer/silencer_render0040.png,silencer
gs://hv-bucket-us/Dataset/silencer/silencer_render0041.png,silencer
gs://hv-bucket-us/Dataset/silencer/silencer_render0042.png,silencer
gs://hv-bucket-us/Dataset/silencer/silencer_render0043.png,silencer
gs://hv-bucket-us/Dataset/silencer/silencer_render0044.png,silencer
gs://hv-bucket-us/Dataset/silencer/silencer_render0045.png,silencer
gs://hv-bucket-us/Dataset/silencer/silencer_render0046.png,silencer
gs://hv-bucket-us/Dataset/silencer/silencer_render0047.png,silencer
gs://hv-bucket-us/Dataset/silencer/silencer_render0048.png,silencer
gs://hv-bucket-us/Dataset/silencer/silencer_render0049.png,silencer
gs://hv-bucket-us/Dataset/silencer/silencer_render0050.png,silencer
gs://hv-bucket-us/Dataset/silencer/silencer_render0051.png,silencer
gs://hv-bucket-us/Dataset/silencer/silencer_render0052.png,silencer
gs://hv-bucket-us/Dataset/silencer/silencer_render0053.png,silencer
gs://hv-bucket-us/Dataset/silencer/silencer_render0054.png,silencer
gs://hv-bucket-us/Dataset/silencer/silencer_render0055.png,silencer
gs://hv-bucket-us/Dataset/silencer/silencer_render0056.png,silencer
gs://hv-bucket-us/Dataset/silencer/silencer_render0057.png,silencer
gs://hv-bucket-us/Dataset/silencer/silencer_render0058.png,silencer
gs://hv-bucket-us/Dataset/silencer/silencer_render0059.png,silencer
gs://hv-bucket-us/Dataset/silencer/silencer_render0060.png,silencer
gs://hv-bucket-us/Dataset/silencer/silencer_render0061.png,silencer
gs://hv-bucket-us/Dataset/silencer/silencer_render0062.png,silencer
gs://hv-bucket-us/Dataset/silencer/silencer_render0063.png,silencer
gs://hv-bucket-us/Dataset/silencer/silencer_render0064.png,silencer
gs://hv-bucket-us/Dataset/silencer/silencer_render0065.png,silencer
gs://hv-bucket-us/Dataset/silencer/silencer_render0066.png,silencer
gs://hv-bucket-us/Dataset/silencer/silencer_render0067.png,silencer
gs://hv-bucket-us/Dataset/silencer/silencer_render0068.png,silencer
gs://hv-bucket-us/Dataset/silencer/silencer_render0069.png,silencer
gs://hv-bucket-us/Dataset/silencer/silencer_render0070.png,silencer
gs://hv-bucket-us/Dataset/silencer/silencer_render0071.png,silencer
gs://hv-bucket-us/Dataset/silencer/silencer_render0072.png,silencer
gs://hv-bucket-us/Dataset/silencer/silencer_render0073.png,silencer
gs://hv-bucket-us/Dataset/silencer/silencer_render0074.png,silencer
gs://hv-bucket-us/Dataset/silencer/silencer_render0075.png,silencer
gs://hv-bucket-us/Dataset/silencer/silencer_render0076.png,silencer
gs://hv-bucket-us/Dataset/silencer/silencer_render0077.png,silencer
gs://hv-bucket-us/Dataset/silencer/silencer_render0078.png,silencer
gs://hv-bucket-us/Dataset/silencer/silencer_render0079.png,silencer
gs://hv-bucket-us/Dataset/silencer/silencer_render0080.png,silencer
gs://hv-bucket-us/Dataset/silencer/silencer_render0081.png,silencer
gs://hv-bucket-us/Dataset/silencer/silencer_render0082.png,silencer
gs://hv-bucket-us/Dataset/silencer/silencer_render0083.png,silencer
gs://hv-bucket-us/Dataset/silencer/silencer_render0084.png,silencer
gs://hv-bucket-us/Dataset/silencer/silencer_render0085.png,silencer
gs://hv-bucket-us/Dataset/silencer/silencer_render0086.png,silencer
gs://hv-bucket-us/Dataset/silencer/silencer_render0087.png,silencer
gs://hv-bucket-us/Dataset/silencer/silencer_render0088.png,silencer
gs://hv-bucket-us/Dataset/silencer/silencer_render0089.png,silencer
gs://hv-bucket-us/Dataset/silencer/silencer_render0090.png,silencer
gs://hv-bucket-us/Dataset/silencer/silencer_render0091.png,silencer
gs://hv-bucket-us/Dataset/silencer/silencer_render0092.png,silencer
gs://hv-bucket-us/Dataset/silencer/silencer_render0093.png,silencer
gs://hv-bucket-us/Dataset/silencer/silencer_render0094.png,silencer
gs://hv-bucket-us/Dataset/silencer/silencer_render0095.png,silencer
gs://hv-bucket-us/Dataset/silencer/silencer_render0096.png,silencer
gs://hv-bucket-us/Dataset/silencer/silencer_render0097.png,silencer
gs://hv-bucket-us/Dataset/silencer/silencer_render0098.png,silencer
gs://hv-bucket-us/Dataset/silencer/silencer_render0099.png,silencer
gs://hv-bucket-us/Dataset/silencer/silencer_render0100.png,silencer
gs://hv-bucket-us/Dataset/slark/slark_render0000.png,slark
gs://hv-bucket-us/Dataset/slark/slark_render0001.png,slark
gs://hv-bucket-us/Dataset/slark/slark_render0002.png,slark
gs://hv-bucket-us/Dataset/slark/slark_render0003.png,slark
gs://hv-bucket-us/Dataset/slark/slark_render0004.png,slark
gs://hv-bucket-us/Dataset/slark/slark_render0005.png,slark
gs://hv-bucket-us/Dataset/slark/slark_render0006.png,slark
gs://hv-bucket-us/Dataset/slark/slark_render0007.png,slark
gs://hv-bucket-us/Dataset/slark/slark_render0008.png,slark
gs://hv-bucket-us/Dataset/slark/slark_render0009.png,slark
gs://hv-bucket-us/Dataset/slark/slark_render0010.png,slark
gs://hv-bucket-us/Dataset/slark/slark_render0011.png,slark
gs://hv-bucket-us/Dataset/slark/slark_render0012.png,slark
gs://hv-bucket-us/Dataset/slark/slark_render0013.png,slark
gs://hv-bucket-us/Dataset/slark/slark_render0014.png,slark
gs://hv-bucket-us/Dataset/slark/slark_render0015.png,slark
gs://hv-bucket-us/Dataset/slark/slark_render0016.png,slark
gs://hv-bucket-us/Dataset/slark/slark_render0017.png,slark
gs://hv-bucket-us/Dataset/slark/slark_render0018.png,slark
gs://hv-bucket-us/Dataset/slark/slark_render0019.png,slark
gs://hv-bucket-us/Dataset/slark/slark_render0020.png,slark
gs://hv-bucket-us/Dataset/slark/slark_render0021.png,slark
gs://hv-bucket-us/Dataset/slark/slark_render0022.png,slark
gs://hv-bucket-us/Dataset/slark/slark_render0023.png,slark
gs://hv-bucket-us/Dataset/slark/slark_render0024.png,slark
gs://hv-bucket-us/Dataset/slark/slark_render0025.png,slark
gs://hv-bucket-us/Dataset/slark/slark_render0026.png,slark
gs://hv-bucket-us/Dataset/slark/slark_render0027.png,slark
gs://hv-bucket-us/Dataset/slark/slark_render0028.png,slark
gs://hv-bucket-us/Dataset/slark/slark_render0029.png,slark
gs://hv-bucket-us/Dataset/slark/slark_render0030.png,slark
gs://hv-bucket-us/Dataset/slark/slark_render0031.png,slark
gs://hv-bucket-us/Dataset/slark/slark_render0032.png,slark
gs://hv-bucket-us/Dataset/slark/slark_render0033.png,slark
gs://hv-bucket-us/Dataset/slark/slark_render0034.png,slark
gs://hv-bucket-us/Dataset/slark/slark_render0035.png,slark
gs://hv-bucket-us/Dataset/slark/slark_render0036.png,slark
gs://hv-bucket-us/Dataset/slark/slark_render0037.png,slark
gs://hv-bucket-us/Dataset/slark/slark_render0038.png,slark
gs://hv-bucket-us/Dataset/slark/slark_render0039.png,slark
gs://hv-bucket-us/Dataset/slark/slark_render0040.png,slark
gs://hv-bucket-us/Dataset/slark/slark_render0041.png,slark
gs://hv-bucket-us/Dataset/slark/slark_render0042.png,slark
gs://hv-bucket-us/Dataset/slark/slark_render0043.png,slark
gs://hv-bucket-us/Dataset/slark/slark_render0044.png,slark
gs://hv-bucket-us/Dataset/slark/slark_render0045.png,slark
gs://hv-bucket-us/Dataset/slark/slark_render0046.png,slark
gs://hv-bucket-us/Dataset/slark/slark_render0047.png,slark
gs://hv-bucket-us/Dataset/slark/slark_render0048.png,slark
gs://hv-bucket-us/Dataset/slark/slark_render0049.png,slark
gs://hv-bucket-us/Dataset/slark/slark_render0050.png,slark
gs://hv-bucket-us/Dataset/slark/slark_render0051.png,slark
gs://hv-bucket-us/Dataset/slark/slark_render0052.png,slark
gs://hv-bucket-us/Dataset/slark/slark_render0053.png,slark
gs://hv-bucket-us/Dataset/slark/slark_render0054.png,slark
gs://hv-bucket-us/Dataset/slark/slark_render0055.png,slark
gs://hv-bucket-us/Dataset/slark/slark_render0056.png,slark
gs://hv-bucket-us/Dataset/slark/slark_render0057.png,slark
gs://hv-bucket-us/Dataset/slark/slark_render0058.png,slark
gs://hv-bucket-us/Dataset/slark/slark_render0059.png,slark
gs://hv-bucket-us/Dataset/slark/slark_render0060.png,slark
gs://hv-bucket-us/Dataset/slark/slark_render0061.png,slark
gs://hv-bucket-us/Dataset/slark/slark_render0062.png,slark
gs://hv-bucket-us/Dataset/slark/slark_render0063.png,slark
gs://hv-bucket-us/Dataset/slark/slark_render0064.png,slark
gs://hv-bucket-us/Dataset/slark/slark_render0065.png,slark
gs://hv-bucket-us/Dataset/slark/slark_render0066.png,slark
gs://hv-bucket-us/Dataset/slark/slark_render0067.png,slark
gs://hv-bucket-us/Dataset/slark/slark_render0068.png,slark
gs://hv-bucket-us/Dataset/slark/slark_render0069.png,slark
gs://hv-bucket-us/Dataset/slark/slark_render0070.png,slark
gs://hv-bucket-us/Dataset/slark/slark_render0071.png,slark
gs://hv-bucket-us/Dataset/slark/slark_render0072.png,slark
gs://hv-bucket-us/Dataset/slark/slark_render0073.png,slark
gs://hv-bucket-us/Dataset/slark/slark_render0074.png,slark
gs://hv-bucket-us/Dataset/slark/slark_render0075.png,slark
gs://hv-bucket-us/Dataset/slark/slark_render0076.png,slark
gs://hv-bucket-us/Dataset/slark/slark_render0077.png,slark
gs://hv-bucket-us/Dataset/slark/slark_render0078.png,slark
gs://hv-bucket-us/Dataset/slark/slark_render0079.png,slark
gs://hv-bucket-us/Dataset/slark/slark_render0080.png,slark
gs://hv-bucket-us/Dataset/slark/slark_render0081.png,slark
gs://hv-bucket-us/Dataset/slark/slark_render0082.png,slark
gs://hv-bucket-us/Dataset/slark/slark_render0083.png,slark
gs://hv-bucket-us/Dataset/slark/slark_render0084.png,slark
gs://hv-bucket-us/Dataset/slark/slark_render0085.png,slark
gs://hv-bucket-us/Dataset/slark/slark_render0086.png,slark
gs://hv-bucket-us/Dataset/slark/slark_render0087.png,slark
gs://hv-bucket-us/Dataset/slark/slark_render0088.png,slark
gs://hv-bucket-us/Dataset/slark/slark_render0089.png,slark
gs://hv-bucket-us/Dataset/slark/slark_render0090.png,slark
gs://hv-bucket-us/Dataset/slark/slark_render0091.png,slark
gs://hv-bucket-us/Dataset/slark/slark_render0092.png,slark
gs://hv-bucket-us/Dataset/slark/slark_render0093.png,slark
gs://hv-bucket-us/Dataset/slark/slark_render0094.png,slark
gs://hv-bucket-us/Dataset/slark/slark_render0095.png,slark
gs://hv-bucket-us/Dataset/slark/slark_render0096.png,slark
gs://hv-bucket-us/Dataset/slark/slark_render0097.png,slark
gs://hv-bucket-us/Dataset/slark/slark_render0098.png,slark
gs://hv-bucket-us/Dataset/slark/slark_render0099.png,slark
gs://hv-bucket-us/Dataset/slark/slark_render0100.png,slark
gs://hv-bucket-us/Dataset/sniper/sniper_render0000.png,sniper
gs://hv-bucket-us/Dataset/sniper/sniper_render0001.png,sniper
gs://hv-bucket-us/Dataset/sniper/sniper_render0002.png,sniper
gs://hv-bucket-us/Dataset/sniper/sniper_render0003.png,sniper
gs://hv-bucket-us/Dataset/sniper/sniper_render0004.png,sniper
gs://hv-bucket-us/Dataset/sniper/sniper_render0005.png,sniper
gs://hv-bucket-us/Dataset/sniper/sniper_render0006.png,sniper
gs://hv-bucket-us/Dataset/sniper/sniper_render0007.png,sniper
gs://hv-bucket-us/Dataset/sniper/sniper_render0008.png,sniper
gs://hv-bucket-us/Dataset/sniper/sniper_render0009.png,sniper
gs://hv-bucket-us/Dataset/sniper/sniper_render0010.png,sniper
gs://hv-bucket-us/Dataset/sniper/sniper_render0011.png,sniper
gs://hv-bucket-us/Dataset/sniper/sniper_render0012.png,sniper
gs://hv-bucket-us/Dataset/sniper/sniper_render0013.png,sniper
gs://hv-bucket-us/Dataset/sniper/sniper_render0014.png,sniper
gs://hv-bucket-us/Dataset/sniper/sniper_render0015.png,sniper
gs://hv-bucket-us/Dataset/sniper/sniper_render0016.png,sniper
gs://hv-bucket-us/Dataset/sniper/sniper_render0017.png,sniper
gs://hv-bucket-us/Dataset/sniper/sniper_render0018.png,sniper
gs://hv-bucket-us/Dataset/sniper/sniper_render0019.png,sniper
gs://hv-bucket-us/Dataset/sniper/sniper_render0020.png,sniper
gs://hv-bucket-us/Dataset/sniper/sniper_render0021.png,sniper
gs://hv-bucket-us/Dataset/sniper/sniper_render0022.png,sniper
gs://hv-bucket-us/Dataset/sniper/sniper_render0023.png,sniper
gs://hv-bucket-us/Dataset/sniper/sniper_render0024.png,sniper
gs://hv-bucket-us/Dataset/sniper/sniper_render0025.png,sniper
gs://hv-bucket-us/Dataset/sniper/sniper_render0026.png,sniper
gs://hv-bucket-us/Dataset/sniper/sniper_render0027.png,sniper
gs://hv-bucket-us/Dataset/sniper/sniper_render0028.png,sniper
gs://hv-bucket-us/Dataset/sniper/sniper_render0029.png,sniper
gs://hv-bucket-us/Dataset/sniper/sniper_render0030.png,sniper
gs://hv-bucket-us/Dataset/sniper/sniper_render0031.png,sniper
gs://hv-bucket-us/Dataset/sniper/sniper_render0032.png,sniper
gs://hv-bucket-us/Dataset/sniper/sniper_render0033.png,sniper
gs://hv-bucket-us/Dataset/sniper/sniper_render0034.png,sniper
gs://hv-bucket-us/Dataset/sniper/sniper_render0035.png,sniper
gs://hv-bucket-us/Dataset/sniper/sniper_render0036.png,sniper
gs://hv-bucket-us/Dataset/sniper/sniper_render0037.png,sniper
gs://hv-bucket-us/Dataset/sniper/sniper_render0038.png,sniper
gs://hv-bucket-us/Dataset/sniper/sniper_render0039.png,sniper
gs://hv-bucket-us/Dataset/sniper/sniper_render0040.png,sniper
gs://hv-bucket-us/Dataset/sniper/sniper_render0041.png,sniper
gs://hv-bucket-us/Dataset/sniper/sniper_render0042.png,sniper
gs://hv-bucket-us/Dataset/sniper/sniper_render0043.png,sniper
gs://hv-bucket-us/Dataset/sniper/sniper_render0044.png,sniper
gs://hv-bucket-us/Dataset/sniper/sniper_render0045.png,sniper
gs://hv-bucket-us/Dataset/sniper/sniper_render0046.png,sniper
gs://hv-bucket-us/Dataset/sniper/sniper_render0047.png,sniper
gs://hv-bucket-us/Dataset/sniper/sniper_render0048.png,sniper
gs://hv-bucket-us/Dataset/sniper/sniper_render0049.png,sniper
gs://hv-bucket-us/Dataset/sniper/sniper_render0050.png,sniper
gs://hv-bucket-us/Dataset/sniper/sniper_render0051.png,sniper
gs://hv-bucket-us/Dataset/sniper/sniper_render0052.png,sniper
gs://hv-bucket-us/Dataset/sniper/sniper_render0053.png,sniper
gs://hv-bucket-us/Dataset/sniper/sniper_render0054.png,sniper
gs://hv-bucket-us/Dataset/sniper/sniper_render0055.png,sniper
gs://hv-bucket-us/Dataset/sniper/sniper_render0056.png,sniper
gs://hv-bucket-us/Dataset/sniper/sniper_render0057.png,sniper
gs://hv-bucket-us/Dataset/sniper/sniper_render0058.png,sniper
gs://hv-bucket-us/Dataset/sniper/sniper_render0059.png,sniper
gs://hv-bucket-us/Dataset/sniper/sniper_render0060.png,sniper
gs://hv-bucket-us/Dataset/sniper/sniper_render0061.png,sniper
gs://hv-bucket-us/Dataset/sniper/sniper_render0062.png,sniper
gs://hv-bucket-us/Dataset/sniper/sniper_render0063.png,sniper
gs://hv-bucket-us/Dataset/sniper/sniper_render0064.png,sniper
gs://hv-bucket-us/Dataset/sniper/sniper_render0065.png,sniper
gs://hv-bucket-us/Dataset/sniper/sniper_render0066.png,sniper
gs://hv-bucket-us/Dataset/sniper/sniper_render0067.png,sniper
gs://hv-bucket-us/Dataset/sniper/sniper_render0068.png,sniper
gs://hv-bucket-us/Dataset/sniper/sniper_render0069.png,sniper
gs://hv-bucket-us/Dataset/sniper/sniper_render0070.png,sniper
gs://hv-bucket-us/Dataset/sniper/sniper_render0071.png,sniper
gs://hv-bucket-us/Dataset/sniper/sniper_render0072.png,sniper
gs://hv-bucket-us/Dataset/sniper/sniper_render0073.png,sniper
gs://hv-bucket-us/Dataset/sniper/sniper_render0074.png,sniper
gs://hv-bucket-us/Dataset/sniper/sniper_render0075.png,sniper
gs://hv-bucket-us/Dataset/sniper/sniper_render0076.png,sniper
gs://hv-bucket-us/Dataset/sniper/sniper_render0077.png,sniper
gs://hv-bucket-us/Dataset/sniper/sniper_render0078.png,sniper
gs://hv-bucket-us/Dataset/sniper/sniper_render0079.png,sniper
gs://hv-bucket-us/Dataset/sniper/sniper_render0080.png,sniper
gs://hv-bucket-us/Dataset/sniper/sniper_render0081.png,sniper
gs://hv-bucket-us/Dataset/sniper/sniper_render0082.png,sniper
gs://hv-bucket-us/Dataset/sniper/sniper_render0083.png,sniper
gs://hv-bucket-us/Dataset/sniper/sniper_render0084.png,sniper
gs://hv-bucket-us/Dataset/sniper/sniper_render0085.png,sniper
gs://hv-bucket-us/Dataset/sniper/sniper_render0086.png,sniper
gs://hv-bucket-us/Dataset/sniper/sniper_render0087.png,sniper
gs://hv-bucket-us/Dataset/sniper/sniper_render0088.png,sniper
gs://hv-bucket-us/Dataset/sniper/sniper_render0089.png,sniper
gs://hv-bucket-us/Dataset/sniper/sniper_render0090.png,sniper
gs://hv-bucket-us/Dataset/sniper/sniper_render0091.png,sniper
gs://hv-bucket-us/Dataset/sniper/sniper_render0092.png,sniper
gs://hv-bucket-us/Dataset/sniper/sniper_render0093.png,sniper
gs://hv-bucket-us/Dataset/sniper/sniper_render0094.png,sniper
gs://hv-bucket-us/Dataset/sniper/sniper_render0095.png,sniper
gs://hv-bucket-us/Dataset/sniper/sniper_render0096.png,sniper
gs://hv-bucket-us/Dataset/sniper/sniper_render0097.png,sniper
gs://hv-bucket-us/Dataset/sniper/sniper_render0098.png,sniper
gs://hv-bucket-us/Dataset/sniper/sniper_render0099.png,sniper
gs://hv-bucket-us/Dataset/sniper/sniper_render0100.png,sniper
gs://hv-bucket-us/Dataset/windrunner/windrunner_render0000.png,windrunner
gs://hv-bucket-us/Dataset/windrunner/windrunner_render0001.png,windrunner
gs://hv-bucket-us/Dataset/windrunner/windrunner_render0002.png,windrunner
gs://hv-bucket-us/Dataset/windrunner/windrunner_render0003.png,windrunner
gs://hv-bucket-us/Dataset/windrunner/windrunner_render0004.png,windrunner
gs://hv-bucket-us/Dataset/windrunner/windrunner_render0005.png,windrunner
gs://hv-bucket-us/Dataset/windrunner/windrunner_render0006.png,windrunner
gs://hv-bucket-us/Dataset/windrunner/windrunner_render0007.png,windrunner
gs://hv-bucket-us/Dataset/windrunner/windrunner_render0008.png,windrunner
gs://hv-bucket-us/Dataset/windrunner/windrunner_render0009.png,windrunner
gs://hv-bucket-us/Dataset/windrunner/windrunner_render0010.png,windrunner
gs://hv-bucket-us/Dataset/windrunner/windrunner_render0011.png,windrunner
gs://hv-bucket-us/Dataset/windrunner/windrunner_render0012.png,windrunner
gs://hv-bucket-us/Dataset/windrunner/windrunner_render0013.png,windrunner
gs://hv-bucket-us/Dataset/windrunner/windrunner_render0014.png,windrunner
gs://hv-bucket-us/Dataset/windrunner/windrunner_render0015.png,windrunner
gs://hv-bucket-us/Dataset/windrunner/windrunner_render0016.png,windrunner
gs://hv-bucket-us/Dataset/windrunner/windrunner_render0017.png,windrunner
gs://hv-bucket-us/Dataset/windrunner/windrunner_render0018.png,windrunner
gs://hv-bucket-us/Dataset/windrunner/windrunner_render0019.png,windrunner
gs://hv-bucket-us/Dataset/windrunner/windrunner_render0020.png,windrunner
gs://hv-bucket-us/Dataset/windrunner/windrunner_render0021.png,windrunner
gs://hv-bucket-us/Dataset/windrunner/windrunner_render0022.png,windrunner
gs://hv-bucket-us/Dataset/windrunner/windrunner_render0023.png,windrunner
gs://hv-bucket-us/Dataset/windrunner/windrunner_render0024.png,windrunner
gs://hv-bucket-us/Dataset/windrunner/windrunner_render0025.png,windrunner
gs://hv-bucket-us/Dataset/windrunner/windrunner_render0026.png,windrunner
gs://hv-bucket-us/Dataset/windrunner/windrunner_render0027.png,windrunner
gs://hv-bucket-us/Dataset/windrunner/windrunner_render0028.png,windrunner
gs://hv-bucket-us/Dataset/windrunner/windrunner_render0029.png,windrunner
gs://hv-bucket-us/Dataset/windrunner/windrunner_render0030.png,windrunner
gs://hv-bucket-us/Dataset/windrunner/windrunner_render0031.png,windrunner
gs://hv-bucket-us/Dataset/windrunner/windrunner_render0032.png,windrunner
gs://hv-bucket-us/Dataset/windrunner/windrunner_render0033.png,windrunner
gs://hv-bucket-us/Dataset/windrunner/windrunner_render0034.png,windrunner
gs://hv-bucket-us/Dataset/windrunner/windrunner_render0035.png,windrunner
gs://hv-bucket-us/Dataset/windrunner/windrunner_render0036.png,windrunner
gs://hv-bucket-us/Dataset/windrunner/windrunner_render0037.png,windrunner
gs://hv-bucket-us/Dataset/windrunner/windrunner_render0038.png,windrunner
gs://hv-bucket-us/Dataset/windrunner/windrunner_render0039.png,windrunner
gs://hv-bucket-us/Dataset/windrunner/windrunner_render0040.png,windrunner
gs://hv-bucket-us/Dataset/windrunner/windrunner_render0041.png,windrunner
gs://hv-bucket-us/Dataset/windrunner/windrunner_render0042.png,windrunner
gs://hv-bucket-us/Dataset/windrunner/windrunner_render0043.png,windrunner
gs://hv-bucket-us/Dataset/windrunner/windrunner_render0044.png,windrunner
gs://hv-bucket-us/Dataset/windrunner/windrunner_render0045.png,windrunner
gs://hv-bucket-us/Dataset/windrunner/windrunner_render0046.png,windrunner
gs://hv-bucket-us/Dataset/windrunner/windrunner_render0047.png,windrunner
gs://hv-bucket-us/Dataset/windrunner/windrunner_render0048.png,windrunner
gs://hv-bucket-us/Dataset/windrunner/windrunner_render0049.png,windrunner
gs://hv-bucket-us/Dataset/windrunner/windrunner_render0050.png,windrunner
gs://hv-bucket-us/Dataset/windrunner/windrunner_render0051.png,windrunner
gs://hv-bucket-us/Dataset/windrunner/windrunner_render0052.png,windrunner
gs://hv-bucket-us/Dataset/windrunner/windrunner_render0053.png,windrunner
gs://hv-bucket-us/Dataset/windrunner/windrunner_render0054.png,windrunner
gs://hv-bucket-us/Dataset/windrunner/windrunner_render0055.png,windrunner
gs://hv-bucket-us/Dataset/windrunner/windrunner_render0056.png,windrunner
gs://hv-bucket-us/Dataset/windrunner/windrunner_render0057.png,windrunner
gs://hv-bucket-us/Dataset/windrunner/windrunner_render0058.png,windrunner
gs://hv-bucket-us/Dataset/windrunner/windrunner_render0059.png,windrunner
gs://hv-bucket-us/Dataset/windrunner/windrunner_render0060.png,windrunner
gs://hv-bucket-us/Dataset/windrunner/windrunner_render0061.png,windrunner
gs://hv-bucket-us/Dataset/windrunner/windrunner_render0062.png,windrunner
gs://hv-bucket-us/Dataset/windrunner/windrunner_render0063.png,windrunner
gs://hv-bucket-us/Dataset/windrunner/windrunner_render0064.png,windrunner
gs://hv-bucket-us/Dataset/windrunner/windrunner_render0065.png,windrunner
gs://hv-bucket-us/Dataset/windrunner/windrunner_render0066.png,windrunner
gs://hv-bucket-us/Dataset/windrunner/windrunner_render0067.png,windrunner
gs://hv-bucket-us/Dataset/windrunner/windrunner_render0068.png,windrunner
gs://hv-bucket-us/Dataset/windrunner/windrunner_render0069.png,windrunner
gs://hv-bucket-us/Dataset/windrunner/windrunner_render0070.png,windrunner
gs://hv-bucket-us/Dataset/windrunner/windrunner_render0071.png,windrunner
gs://hv-bucket-us/Dataset/windrunner/windrunner_render0072.png,windrunner
gs://hv-bucket-us/Dataset/windrunner/windrunner_render0073.png,windrunner
gs://hv-bucket-us/Dataset/windrunner/windrunner_render0074.png,windrunner
gs://hv-bucket-us/Dataset/windrunner/windrunner_render0075.png,windrunner
gs://hv-bucket-us/Dataset/windrunner/windrunner_render0076.png,windrunner
gs://hv-bucket-us/Dataset/windrunner/windrunner_render0077.png,windrunner
gs://hv-bucket-us/Dataset/windrunner/windrunner_render0078.png,windrunner
gs://hv-bucket-us/Dataset/windrunner/windrunner_render0079.png,windrunner
gs://hv-bucket-us/Dataset/windrunner/windrunner_render0080.png,windrunner
gs://hv-bucket-us/Dataset/windrunner/windrunner_render0081.png,windrunner
gs://hv-bucket-us/Dataset/windrunner/windrunner_render0082.png,windrunner
gs://hv-bucket-us/Dataset/windrunner/windrunner_render0083.png,windrunner
gs://hv-bucket-us/Dataset/windrunner/windrunner_render0084.png,windrunner
gs://hv-bucket-us/Dataset/windrunner/windrunner_render0085.png,windrunner
gs://hv-bucket-us/Dataset/windrunner/windrunner_render0086.png,windrunner
gs://hv-bucket-us/Dataset/windrunner/windrunner_render0087.png,windrunner
gs://hv-bucket-us/Dataset/windrunner/windrunner_render0088.png,windrunner
gs://hv-bucket-us/Dataset/windrunner/windrunner_render0089.png,windrunner
gs://hv-bucket-us/Dataset/windrunner/windrunner_render0090.png,windrunner
gs://hv-bucket-us/Dataset/windrunner/windrunner_render0091.png,windrunner
gs://hv-bucket-us/Dataset/windrunner/windrunner_render0092.png,windrunner
gs://hv-bucket-us/Dataset/windrunner/windrunner_render0093.png,windrunner
gs://hv-bucket-us/Dataset/windrunner/windrunner_render0094.png,windrunner
gs://hv-bucket-us/Dataset/windrunner/windrunner_render0095.png,windrunner
gs://hv-bucket-us/Dataset/windrunner/windrunner_render0096.png,windrunner
gs://hv-bucket-us/Dataset/windrunner/windrunner_render0097.png,windrunner
gs://hv-bucket-us/Dataset/windrunner/windrunner_render0098.png,windrunner
gs://hv-bucket-us/Dataset/windrunner/windrunner_render0099.png,windrunner
gs://hv-bucket-us/Dataset/windrunner/windrunner_render0100.png,windrunner
